;;;;;;;;;FUNDO MUNICIPAL DE ASSISTENCIA SOCIAL DE GOIANA;;;;;;;;;;;;;;;;;;;;;;;;;;;;;;;;;;;;Męs/Ano;;;
;;;;;;;;;;;;;;;;;;;;;;;;;;;;;;;;;;;;;;;;;;;;
;;;;;;;;;01/2026;;
;;;;;;;;;AV MARECHAL DEODORO DA FONSECA, 278,  CENTRO. GOIANA-PE;;;;;;;;;;;;;;;;;;;;;;;;;;;;;;;;;;;;;;
;;;;;;;;
;;;;;;;;;CNPJ: 12.003.354/0001-79;;;;;;;;Folha Mensal;;;;;;;;;;;;;;;;;;;;;;;;;;;;;;;
;;;;;;;;
;;;;;;;;;Página 1 de 5;;;;;;;;
;;;;;;;;

Resumo Contábil;;;;;;;;;;;;;;;;;;;;;;;;;;;;;;;;;;;;;;;;;;;
;;;;;;;;;;;;;;;;;;;;;;;;;;;;;;;;;;;;;;;;;;;;3/31/2026 1:02:03 PM;;;;;;;;;

;;;;;;;;;;;;;;;;;;;;;;;;;;;;;;;;;;;;;;;;;;;;;;;;;;;;;;
Vínculo: 03 - ELETIVO;;;;;;;;;;;;;;;;;;;;;;;;;;;;;;;;;;;;;;;;;;;;;;;;;;;;;;
;;Total de Vencimentos;;;;;;;;;;;;;;45.653,30;;;;;;;;;;;;;;;;;;;;;;;;;;;;;;;;;;;;;;;
;;;;;;;;;;;;;;;;;;;;;;;;;;
;;;;;;;;;;;;;;;;;;;;;;;;;;Total a Empenhar;;;;;;;;;;;;;;;;;;;;;;;;
;Salário Família;;;;;;;;;;;;;0,00;;;;;;;;;;;;;;;;;;;;;;;;;;;;;;;;;;;;
;;;;;;;;;;;;;;;;;;;;;;;;;;Total de Proventos;;;;;;;;;;;45.653,30 (+);;;;;;;;;;;
;Outras Deduçőes;;;;;;;;;;;;;0,00;;;;;;;;;;;;;;;;;;;;;;;;;;;;;;;;;;
;;;;;;;;;;;;;;;;;;;;;;;;;;Total Patronal;;;;;;;;;;;7.532,78 (+);;;;;;;;;;;
;Horas Extras (3.1.90.16);;;;;;;;;;;;;0,00;;;;;;;;;;;;;;;;;;;;;;;;;;;;;;;;;;
;;;;;;;;;;;;;;;;;;;;;;;;;;FGTS a Recolher;;;;;;;;;;;0,00 (+);;;;;;;;;;;
;Bolsa de Estudo (3.3.90.18);;;;;;;;;;;;;0,00;;;;;;;;;;;;;;;;;;;;;;;;;;;;;;;;;;
;;;;;;;;;;;;;;;;;;;;;;;;;;Total de Vantagens;;;;;;;;;;;0,00 (+);;;;;;;;;;;
;Despesa/Receita.Extra (PASEP,...);;;;;;;;;;;;;0,00;;;;;;;;;;;;;;;;;;;;;;;;;;;;;;;;;;
;;;;;;;;;;;;;;;;;;;;;;;;;;Deduçăo de Maternidade;;;;;;;;;;;0,00 (-);;;;;;;;;;;
;Sal. Maternidade;;;;;;;;;;;;;0,00;;;;;;;;;;;;;;;;;;;;;;;;;;;;;;;;;;
;;;;;;;;;;;;;;;;;;;;;;;;;;Deduçăo de Salário Família;;;;;;;;;;;0,00 (-);;;;;;;;;;;
;Beneficios Assistenciais;;;;;;;;;;;;;0,00;;;;;;;;;;;;;;;;;;;;;;;;;;;;;;;;;;
;;;;;;;;;;;;;;;;;;;;;;;;;;53.186,08 ;;;;;;;;;;;;;;;;;;;;;;
;;;;;;;;;;;;;;;;;;;;;;;;
;Total Bruto;;;;;;;;;;;;;45.653,30;;;;;;;;
;;;;;;;;;;;;;;;;;;;;;Total de Descontos;;;;;;;;;;;;;;;;;;;;;;;;;
;Total de Descontos;;;;;;;;;;;;;4.765,50;;;;;;;;;;;;;;;;;;;;;;;;;;;;;;;;;;;;
;;;;;;;;;;;;;;;;;;;;;;;;;;Total de Descontos;;;;;;;;;;;4.765,50 (+);;;;;;;;;;;
;Total Líquido;;;;;;;;;;;;;40.887,80;;;;;;;;;;;;;;;;;;;;;;;;;;;;;;;;;;
;;;;;;;;;;;;;;;;;;;;;;;;;;Deduçăo de Maternidade;;;;;;;;;;;0,00 (+);;;;;;;;;;;
;FGTS a Recolher;;;;;;;;;;;;;0,00;;;;;;;;;;;;;;;;;;;;;;;;;;;;;;;;;;
;;;;;;;;;;;;;;;;;;;;;;;;;;Deduçăo de Salário Família;;;;;;;;;;;0,00 (+);;;;;;;;;;;
;;Valor Ref. a 13ş Salário;;;;;;;;0,00;;;;;;;;;;;;;;;;;;;;;;;;;;
;;;;;;;;;;;;;;4.765,50;;;;;;;;;;;;;;;;;;;;;;
;;;;;;;;;;;;;;;;;;;;;;;;;;;;;;;;;;;;;;
;;;;;;;;;;;;;;;;;;;;;;;;;;;;;;;;;;;;
;;Valores Sem 13ş Salário;;;;;;;;0,00;;;;;;;;;;;;;;;;;;;;;;;;;;
;;;;;;;;;;;;;;
;;;;;;;;;;;;;;;;
;;;;;;;;;;;;;
;;
;;;;;;;;;;;;;;;;;;;;;;;;;;;;;;;;;;;;;;;;;;;;;;;;;;;;;;

Patronal;;;;;;;;;;;;;;;;;;;;;;;;;;;;;;;;;;;;;;;;;;;;;;;;;;;;;;
;;;;;;;;;;;;;;;;;;;;;;Bruto;;;;;;;;;Deduçőes;;;;;;;;;;;;;;;;;;Líquido;;;;;
;;;;;;;;;;;;;;;;;;;;;;;;;;;;;;;;;;;;;;;;;;;;;;;;;;;;;;;
;;;;;;;;;;;;;;;;;;;;;;;;;;;;;;;;;;;;;;;;;;;;;;;;;;;;;;;
;;;;;;;;;;;;;;;;;;;;;;;;;;;;;;;;;;;;;;;;;;;;;;;;;;;;;;;
;;;;;;;;;;;;;;;;;;;PatronalBruto;;;;;;;;;;SalárioFamília;;;;;;;;;;SalárioMaternidade;;;OutrasDeduçőes;;;;;PatronalLíquido;;;;;;;;
Vínculo;;;;;;;;;;;;;;;;;;;;;;;;;;;;;;;;;;;;;;;;;;;;;;;;;;;;;;;
03;;;;;;;ELETIVO;;;;;;;;;;;;7.532,78;;;;;;;;;;0,00;;;;;;;;;;0,00;;;0,00;;;;;7.532,78;;;;;;;
;;;;;;;;;;;;;;;;;;;;;;;;;;;;;;;;;;;;;;;;;;;;;;;;;;;;;;
Total;;;;;;;;;;;;;;;;;;;7.532,78;;;;;;;;;;0,00;;;;;;;;;;0,00;;;0,00;;;;;7.532,78;;;;;;;

Funcionários;;;;;;;;;;;;;;;;;;;;;;;;;;;;;;;;;;;;;;;;;;;;;;;;;;;;;;
Situaçăo;;;;;;;;;;;;;;;;;;;;;;;;;;;;;;;;;;;;;;;;;;;;;;;;;;Quantidade;;;;
01 - Normal;;;;;;;;;;;;;;;;;;;;;;;;;;;;;;;;;;;;;;;;;;;;;;;;;;10;;;;
Total;;;;;;;;;;;;;;;;;;;;;;;;;;;;;;;;;;;;;;;;;;;;;;;;;;10;;;;
;;;;;;;;;;;;;;;;;;;;;;;;;;;;;;;;;;;;;;;;;;;;;;;;;;;;;;
Quantidade de trabalhadores processados;;;;;;;;;;;;;;;;;;;;;;;;;;;;;;;;;;;;;;;;;;;;;;;;;;10;;;;

Proventos;;;;;;;;;;;;;;;;;;;;;;;;;;;;;;;;;;;;;;;;;;;;;;;;;;;;;;
Evento;;;;;;;;Descriçăo;;;;;;;;;;;;;Qtde.;;;;;;;Refer.;;;;;;;;;Valor;;;;Classificaçăo contábil;;;;;;;;;;;;;
001;;;;;;;;SALARIO BASE;;;;;;;;;;;;;10;;;;;;;300,00;;;;27.951,00;;;;Salário Base;;;;;;;;;;;;;
180;;;;;;;;RISCO DE VIDA 30% - LEI;;;;;;;;;;;;;10;;;;;;;;;;;;300,00;;;;8.385,30;;;;;;;;;;;;;;;;;
;;;;;;;;;;;;;;;;;;;;;;;;;;;;;;;;;;;;;;;;;;;;;;;;;
181;;;;;;;;HORA SOBREAVISO;;;;;;;;;;;;;10;;;;;;;;;;;;333,30;;;;9.317,00;;;;;;;;;;;;;;;;;
;;;;;;;;;;;;;;;;;;;;;;;;;;;;;;;;;;;;;;;;;;;;;;;;;
;;;;;Resumo de Proventos por Classificaçăo;;;;;;;;;;;;;;;;;;;;;;;;;;;;;;;;;;;;;;;;;;;;;;;;;;
;;;;;;;;;;;;;;;;;;;;;;;;;;;;;;;;;;;;
;Sem classificaçăo;;;;;;;;;;;;;;;;;;;;;633,30;;;;;;;;;;17.702,30;;;;
;Salário Base;;;;;;;;;;;;;;;;;;;;;300,00;;;;;;;;;;27.951,00;;;;
;Total;;;;;;;;;;;;;;;;;;;;;933,30;;;;;;;;;;45.653,30;;;;
;;;;;;;;;;;;;;;;;;;;;;;;;;;;;;;;;;;;
;
;;;;;;;;;;;;;;;;;;;;;;;;;;;;;;;;;;;;;;;;;;;;;;;;;;;;;;

Descontos;;;;;;;;;;;;;;;;;;;;;;;;;;;;;;;;;;;;;;;;;;;;;;;;;;;;;;
Evento;;;;;;;;Descriçăo;;;;;;;;;;;;;Qtde.;;;;;;;Refer.;;;;;;;;;Valor;;;;Classificaçăo contábil;;;;;;;;;;;;;
002;;;;;;;;DESCONTO ACTNE;;;;;;;;;;;;;9;;;;;;;0,00;;359,10;;;;;;;;;;;;;;;;;
;;;;;;;;;;;;;;;;;;;;;;;;;;;;;;;;;;;;;;;;;;;;;;;;;;;;;;
919;;;;;;;;PREVIDENCIA - INSS;;;;;;;;;;;;;10;;;;;;;96,52;;;4.406,40;;;;;;;;;;;;;;;;;
;;;;;;;;;;;;;;;;;;;;;;;;;;;;;;;;;;;;;;;;;;;;;;;;;;;;;;
;Resumo de Descontos por Classificaçăo;;;;;;;;;;;;;;;;;;;;;;;;;;;;;;;;;;;
;Sem classificaçăo;;;;;;;;;;;;;;;;;;;;;96,52;;;;;;;;;;4.765,50;;;;
;;;;;;;;;;;;;;;;;;;;;;;;;;;;;;;;;;;;
;Total;;;;;;;;;;;;;;;;;;;;;96,52;;;;;;;;;;4.765,50;;;;
;
;;;;;;;;;;;;;;;;;;;;;;;;;;;;;;;;;;;;;;;;;;;;;;;;;;;;;;

Contribuiçăo Previdenciária do Segurado por Vínculo;;;;;;;;;;;;;;;;;;;;;;;;;;;;;;;;;;;;;;;;;;;;;;;;;;;;;;
Vínculo;;;;;;;;;;;;;;;;;;;;;;;;;;;;;;;;;;;;;;;;;;;;;;Valor;;;;;;;;
03 - ELETIVO;;;;;;;;;;;;;;;;;;;;;;;;;;;;;;;;;;;;;;;;;;;;;;4.406,40;;;;;;;;
Total;;;;;;;;;;;;;;;;;;;;;;;;;;;;;;;;;;;;;;;;;;;;;;4.406,40;;;;;;;;

Base de I.R.R.F.;;;;;;;;;;;45.653,30;;;;;;Base de Previdęncia Total;;;;;;;;;;;;;;;;;;;;;;;;;;;;45.653,30;;;;;;;;
Base de F.G.T.S.;;;;;;;;;;;0,00;;;;;;Base de Previdęncia por Vínculo;;;;;;;;;;;;;;;;;;;;;;;;;;;;Valor;;;;;;;;
03 - ELETIVO;;;;;;;;;;;;;;;;;;;;;;;;;;;;45.653,30;;
;;;;;;;;;;;;;;;;;;;;;;;;;;;;;;;;;;;;

;;;;;;;;;;;;;;;;;;;;;;;;;;;;;;;;;;;;;;;;;;;;;;;;;;;;;;

Fiorilli S/C Software Ltda.;;;;;;;;;;;;; [65/danilo/GOIANA.SRV-006$] {7.1583.255.11.19633/R/19633};;;;;;;;;;;;;;;;;;;;;;;;;;;;;;;;;;;;;;;;
;;;;;;;;;FUNDO MUNICIPAL DE ASSISTENCIA SOCIAL DE GOIANA;;;;;;;;;;;;;;;;;;;;;;;;;;;;;;;;;;Męs/Ano;;;
;;;;;;;;;;;;;;;;;;;;;;;;;;;;;;;;;;;;;;;;;;
;;;;;;;;;01/2026;;
;;;;;;;;;AV MARECHAL DEODORO DA FONSECA, 278,  CENTRO. GOIANA-PE;;;;;;;;;;;;;;;;;;;;;;;;;;;;;;;;;;;;
;;;;;;;;
;;;;;;;;;CNPJ: 12.003.354/0001-79;;;;;;Folha Mensal;;;;;;;;;;;;;;;;;;;;;;;;;;;;;;;
;;;;;;;;
;;;;;;;;;Página 2 de 5;;;;;;;;
;;;;;;;;

Resumo Contábil;;;;;;;;;;;;;;;;;;;;;;;;;;;;;;;;;;;;;;;;;
;;;;;;;;;;;;;;;;;;;;;;;;;;;;;;;;;;;;;;;;;;3/31/2026 1:02:03 PM;;;;;;;;;

;;;;;;;;;;;;;;;;;;;;;;;;;;;;;;;;;;;;;;;;;;;;;;;;;;;;
Vínculo: 30 - EFETIVO;;;;;;;;;;;;;;;;;;;;;;;;;;;;;;;;;;;;;;;;;;;;;;;;;;;;
;;Total de Vencimentos;;;;;;;;;;;;;87.013,66;;;;;;;;;;;;;;;;;;;;;;;;;;;;;;;;;;;;;;
;;;;;;;;;;;;;;;;;;;;;;;;
;;;;;;;;;;;;;;;;;;;;;;;;Total a Empenhar;;;;;;;;;;;;;;;;;;;;;;;;
;Salário Família;;;;;;;;;;;;248,16;;;;;;;;;;;;;;;;;;;;;;;;;;;;;;;;;;;
;;;;;;;;;;;;;;;;;;;;;;;;Total de Proventos;;;;;;;;;;;92.291,18 (+);;;;;;;;;;;
;Outras Deduçőes;;;;;;;;;;;;0,00;;;;;;;;;;;;;;;;;;;;;;;;;;;;;;;;;
;;;;;;;;;;;;;;;;;;;;;;;;Total Patronal;;;;;;;;;;;70.790,76 (+);;;;;;;;;;;
;Horas Extras (3.1.90.16);;;;;;;;;;;;3.408,36;;;;;;;;;;;;;;;;;;;;;;;;;;;;;;;;;
;;;;;;;;;;;;;;;;;;;;;;;;FGTS a Recolher;;;;;;;;;;;0,00 (+);;;;;;;;;;;
;Bolsa de Estudo (3.3.90.18);;;;;;;;;;;;0,00;;;;;;;;;;;;;;;;;;;;;;;;;;;;;;;;;
;;;;;;;;;;;;;;;;;;;;;;;;Total de Vantagens;;;;;;;;;;;0,00 (+);;;;;;;;;;;
;Despesa/Receita.Extra (PASEP,...);;;;;;;;;;;;0,00;;;;;;;;;;;;;;;;;;;;;;;;;;;;;;;;;
;;;;;;;;;;;;;;;;;;;;;;;;Deduçăo de Maternidade;;;;;;;;;;;0,00 (-);;;;;;;;;;;
;Sal. Maternidade;;;;;;;;;;;;1.621,00;;;;;;;;;;;;;;;;;;;;;;;;;;;;;;;;;
;;;;;;;;;;;;;;;;;;;;;;;;Deduçăo de Salário Família;;;;;;;;;;;0,00 (-);;;;;;;;;;;
;Beneficios Assistenciais;;;;;;;;;;;;0,00;;;;;;;;;;;;;;;;;;;;;;;;;;;;;;;;;
;;;;;;;;;;;;;;;;;;;;;;;;163.081,94 ;;;;;;;;;;;;;;;;;;;;;;
;;;;;;;;;;;;;;;;;;;;;;;;
;Total Bruto;;;;;;;;;;;;92.291,18;;;;;;;;
;;;;;;;;;;;;;;;;;;;;Total de Descontos;;;;;;;;;;;;;;;;;;;;;;;;;
;Total de Descontos;;;;;;;;;;;;21.589,33;;;;;;;;;;;;;;;;;;;;;;;;;;;;;;;;;;;
;;;;;;;;;;;;;;;;;;;;;;;;Total de Descontos;;;;;;;;;;;21.589,33 (+);;;;;;;;;;;
;Total Líquido;;;;;;;;;;;;70.701,85;;;;;;;;;;;;;;;;;;;;;;;;;;;;;;;;;
;;;;;;;;;;;;;;;;;;;;;;;;Deduçăo de Maternidade;;;;;;;;;;;0,00 (+);;;;;;;;;;;
;FGTS a Recolher;;;;;;;;;;;;0,00;;;;;;;;;;;;;;;;;;;;;;;;;;;;;;;;;
;;;;;;;;;;;;;;;;;;;;;;;;Deduçăo de Salário Família;;;;;;;;;;;0,00 (+);;;;;;;;;;;
;;Valor Ref. a 13ş Salário;;;;;;;0,00;;;;;;;;;;;;;;;;;;;;;;;;;;
;;;;;;;;;;;;;21.589,33;;;;;;;;;;;;;;;;;;;;;;
;;;;;;;;;;;;;;;;;;;;;;;;;;;;;;;;;;;;;
;;;;;;;;;;;;;;;;;;;;;;;;;;;;;;;;;;;
;;Valores Sem 13ş Salário;;;;;;;0,00;;;;;;;;;;;;;;;;;;;;;;;;;;
;;;;;;;;;;;;;
;;;;;;;;;;;;;;;
;;;;;;;;;;;;
;;
;;;;;;;;;;;;;;;;;;;;;;;;;;;;;;;;;;;;;;;;;;;;;;;;;;;;

Patronal;;;;;;;;;;;;;;;;;;;;;;;;;;;;;;;;;;;;;;;;;;;;;;;;;;;;
;;;;;;;;;;;;;;;;;;;;Bruto;;;;;;;;;Deduçőes;;;;;;;;;;;;;;;;;;Líquido;;;;;
;;;;;;;;;;;;;;;;;;;;;;;;;;;;;;;;;;;;;;;;;;;;;;;;;;;;;
;;;;;;;;;;;;;;;;;;;;;;;;;;;;;;;;;;;;;;;;;;;;;;;;;;;;;
;;;;;;;;;;;;;;;;;;;;;;;;;;;;;;;;;;;;;;;;;;;;;;;;;;;;;
;;;;;;;;;;;;;;;;;PatronalBruto;;;;;;;;;;SalárioFamília;;;;;;;;;;SalárioMaternidade;;;OutrasDeduçőes;;;;;PatronalLíquido;;;;;;;;
Vínculo;;;;;;;;;;;;;;;;;;;;;;;;;;;;;;;;;;;;;;;;;;;;;;;;;;;;;
30;;;;;;;EFETIVO;;;;;;;;;;70.790,76;;;;;;;;;;0,00;;;;;;;;;;0,00;;;0,00;;;;;70.790,76;;;;;;;
;;;;;;;;;;;;;;;;;;;;;;;;;;;;;;;;;;;;;;;;;;;;;;;;;;;;
Total;;;;;;;;;;;;;;;;;70.790,76;;;;;;;;;;0,00;;;;;;;;;;0,00;;;0,00;;;;;70.790,76;;;;;;;

Funcionários;;;;;;;;;;;;;;;;;;;;;;;;;;;;;;;;;;;;;;;;;;;;;;;;;;;;
Situaçăo;;;;;;;;;;;;;;;;;;;;;;;;;;;;;;;;;;;;;;;;;;;;;;;;Quantidade;;;;
01 - Normal;;;;;;;;;;;;;;;;;;;;;;;;;;;;;;;;;;;;;;;;;;;;;;;;26;;;;
94 - Afastamento por Doença năo relacionada ao trabalho;;;;;;;;;;;;;;;;;;;;;;;;;;;;;;;;;;;;;;;;;;;;;;;;2;;;;
95 - Afastamento por Licença Maternidade/Paternidade;;;;;;;;;;;;;;;;;;;;;;;;;;;;;;;;;;;;;;;;;;;;;;;;1;;;;
97 - Afastamento sem vencimento/sem remuneraçăo;;;;;;;;;;;;;;;;;;;;;;;;;;;;;;;;;;;;;;;;;;;;;;;;1;;;;
Total;;;;;;;;;;;;;;;;;;;;;;;;;;;;;;;;;;;;;;;;;;;;;;;;30;;;;
;;;;;;;;;;;;;;;;;;;;;;;;;;;;;;;;;;;;;;;;;;;;;;;;;;;;
Quantidade de trabalhadores processados;;;;;;;;;;;;;;;;;;;;;;;;;;;;;;;;;;;;;;;;;;;;;;;;30;;;;

Proventos;;;;;;;;;;;;;;;;;;;;;;;;;;;;;;;;;;;;;;;;;;;;;;;;;;;;
Evento;;;;;;;;Descriçăo;;;;;;;;;;;Qtde.;;;;;;;Refer.;;;;;;;;;Valor;;;;Classificaçăo contábil;;;;;;;;;;;;;
001;;;;;;;;SALARIO BASE;;;;;;;;;;;27;;;;;;;784,00;;;;75.613,30;;;;Salário Base;;;;;;;;;;;;;
056;;;;;;;;GRAT COMISS LICITA;;;;;;;;;;;1;;;;;;;;;;;;;;0,00;;2.800,00;;;;;;;;;;;;;;;;;
;;;;;;;;;;;;;;;;;;;;;;;;;;;;;;;;;;;;;;;;;;;;;
076;;;;;;;;QUINQUENIO;;;;;;;;;;;3;;;;;;;;;;;;;;7,00;;803,79;;;;;;;;;;;;;;;;;
;;;;;;;;;;;;;;;;;;;;;;;;;;;;;;;;;;;;;;;;;;;;;
091;;;;;;;;ABONO PERMANENCIA;;;;;;;;;;;1;;;;;;;;;;;;;;0,00;;419,16;;;;;;;;;;;;;;;;;
;;;;;;;;;;;;;;;;;;;;;;;;;;;;;;;;;;;;;;;;;;;;;
096;;;;;;;;H.EXTRA 50% 180H;;;;;;;;;;;3;;;;;;;;;;;;180,00;;;;3.408,36;;;;Hora Extra;;;;;;;;;;;;;
;;;;;;;;;;;;;;;;;;;;;;;;;;;;;;;;;;;;;;;;;;;;;;;
903;;;;;;;;SALARIO MATERNIDADE;;;;;;;;;;;1;;;;;;;;;;;;;19,00;;;1.026,63;;;;Salário Maternidade;;;;;;;;;;;;;
;;;;;;;;;;;;;;;;;;;;;;;;;;;;;;;;;;;;;;;;;;;;;;
904;;;;;;;;SALARIO FAMILIA;;;;;;;;;;;3;;;;;;;;;;;;;;4,00;;248,16;;;;Salário Família;;;;;;;;;;;;;
;;;;;;;;;;;;;;;;;;;;;;;;;;;;;;;;;;;;;;;;;;;;;
908;;;;;;;;1/3 FERIAS;;;;;;;;;;;1;;;;;;;;;;;;;30,00;;;757,41;;;;;;;;;;;;;;;;;
;;;;;;;;;;;;;;;;;;;;;;;;;;;;;;;;;;;;;;;;;;;;;;
917;;;;;;;;AFASTADO AUX. DOENCA;;;;;;;;;;;2;;;;;;;;;;;;;56,00;;;6.460,89;;;;;;;;;;;;;;;;;
;;;;;;;;;;;;;;;;;;;;;;;;;;;;;;;;;;;;;;;;;;;;;;
918;;;;;;;;ESTOURO NO MES;;;;;;;;;;;1;;;;;;;;;;;;;;1,00;;159,11;;;;;;;;;;;;;;;;;
;;;;;;;;;;;;;;;;;;;;;;;;;;;;;;;;;;;;;;;;;;;;;
948;;;;;;;;_SALARIO MATERNIDADE;;;;;;;;;;;1;;;;;;;;;;;;;11,00;;;594,37;;;;Salário Maternidade;;;;;;;;;;;;;
;;;;;;;;;;;;;;;;;;;;;;;;;;;;;;;;;;;;;;;;;;;;;;
;;;;;Resumo de Proventos por Classificaçăo;;;;;;;;;;;;;;;;;;;;;;;;;;;;;;;;;;;;;;;;;;;;;;;;
;;;;;;;;;;;;;;;;;;;;;;;;;;;;;;;;;;
;Sem classificaçăo;;;;;;;;;;;;;;;;;;;94,00;;;;;;;;;;11.400,36;;;;
;Hora Extra;;;;;;;;;;;;;;;;;;;180,00;;;;;;;;;;3.408,36;;;;
;Salário Família;;;;;;;;;;;;;;;;;;;4,00;;;;;;;;;;248,16;;;;
;Salário Maternidade;;;;;;;;;;;;;;;;;;;30,00;;;;;;;;;;1.621,00;;;;
;Salário Base;;;;;;;;;;;;;;;;;;;784,00;;;;;;;;;;75.613,30;;;;
;Total;;;;;;;;;;;;;;;;;;;1.092,00;;;;;;;;;;92.291,18;;;;
;;;;;;;;;;;;;;;;;;;;;;;;;;;;;;;;;;
;
;;;;;;;;;;;;;;;;;;;;;;;;;;;;;;;;;;;;;;;;;;;;;;;;;;;;

Descontos;;;;;;;;;;;;;;;;;;;;;;;;;;;;;;;;;;;;;;;;;;;;;;;;;;;;
Evento;;;;;;;;Descriçăo;;;;;;;;;;;Qtde.;;;;;;;Refer.;;;;;;;;;Valor;;;;Classificaçăo contábil;;;;;;;;;;;;;
017;;;;;;;;SINSEPUMG;;;;;;;;;;;5;;;;;;;15,00;;;475,95;;;;;;;;;;;;;;;;;
;;;;;;;;;;;;;;;;;;;;;;;;;;;;;;;;;;;;;;;;;;;;;;;;;;;;
025;;;;;;;;PENSĂO ALIMENTÍCIA(LIQUIDO);;;;;;;;;;;1;;;;;;;0,00;;1.137,11;;;;;;;;;;;;;;;;;
;;;;;;;;;;;;;;;;;;;;;;;;;;;;;;;;;;;;;;;;;;;;;;;;;;;;
315;;;;;;;;BANCO GERADOR;;;;;;;;;;;3;;;;;;;0,00;;284,91;;;;;;;;;;;;;;;;;
;;;;;;;;;;;;;;;;;;;;;;;;;;;;;;;;;;;;;;;;;;;;;;;;;;;;
600;;;;;;;;CONSIGNADO CEF I;;;;;;;;;;;4;;;;;;;0,00;;1.270,83;;;;;;;;;;;;;;;;;
;;;;;;;;;;;;;;;;;;;;;;;;;;;;;;;;;;;;;;;;;;;;;;;;;;;;
601;;;;;;;;CONSIGNADO CEF II;;;;;;;;;;;2;;;;;;;0,00;;423,81;;;;;;;;;;;;;;;;;
;;;;;;;;;;;;;;;;;;;;;;;;;;;;;;;;;;;;;;;;;;;;;;;;;;;;
610;;;;;;;;CONSIGNADO BRADESCO I;;;;;;;;;;;5;;;;;;;0,00;;2.053,63;;;;;;;;;;;;;;;;;
;;;;;;;;;;;;;;;;;;;;;;;;;;;;;;;;;;;;;;;;;;;;;;;;;;;;
611;;;;;;;;CONSIGNADO BRADESCO II;;;;;;;;;;;3;;;;;;;0,00;;427,87;;;;;;;;;;;;;;;;;
;;;;;;;;;;;;;;;;;;;;;;;;;;;;;;;;;;;;;;;;;;;;;;;;;;;;

;;;;;;;;;;;;;;;;;;;;;;;;;;;;;;;;;;;;;;;;;;;;;;;;;;;;

Fiorilli S/C Software Ltda.;;;;;;;;;;;; [65/danilo/GOIANA.SRV-006$] {7.1583.255.11.19633/R/19633};;;;;;;;;;;;;;;;;;;;;;;;;;;;;;;;;;;;;;;
;;;;FUNDO MUNICIPAL DE ASSISTENCIA SOCIAL DE GOIANA;;;;;;;;;;;;;;;;;;;Męs/Ano;
;;;;;;;;;;;;;;;;;;;;;;
;;;;01/2026
;;;;AV MARECHAL DEODORO DA FONSECA, 278,  CENTRO. GOIANA-PE;;;;;;;;;;;;;;;;;;;
;;;
;;;;CNPJ: 12.003.354/0001-79;;;;;Folha Mensal;;;;;;;;;;;;;;
;;;
;;;;Página 3 de 5;;
;;

Resumo Contábil;;;;;;;;;;;;;;;;;;;;;
;;;;;;;;;;;;;;;;;;;;;;3/31/2026 1:02:03 PM;;;

;;;;;;;;;;;;;;;;;;;;;;;;;;
Vínculo: 30 - EFETIVO;;;;;;;;;;;;;;;;;;;;;;;;;;
612;;;CONSIGNADO BRADESCO III;;;;;;;;4;;;0,00;;449,54;;;;;;;
;;;;;;;;;;;;;;;;;;;;;;;;;;
613;;;CONSIGNADO BRADESCO IV;;;;;;;;1;;;0,00;;79,94;;;;;;;
;;;;;;;;;;;;;;;;;;;;;;;;;;
614;;;CONSIGNADO BRADESCO V;;;;;;;;1;;;0,00;;24,45;;;;;;;
;;;;;;;;;;;;;;;;;;;;;;;;;;
630;;;CONSIGNADO BB I;;;;;;;;2;;;0,00;;968,82;;;;;;;
;;;;;;;;;;;;;;;;;;;;;;;;;;
920;;;IRRF - SALARIO;;;;;;;;3;;;77,50;;;1.611,49;;;;;;;
;;;;;;;;;;;;;;;;;;;;;;;;;;
928;;;ESTOURO MES ANTERIOR;;;;;;;;1;;;0,00;;159,11;;;;;;;
;;;;;;;;;;;;;;;;;;;;;;;;;;
942;;;GOIANAPREVI;;;;;;;;29;;;406,00;;;;12.221,87;;;;;;;
;;;;;;;;;;;;;;;;;;;;;;;;;;
;Resumo de Descontos por Classificaçăo;;;;;;;;;;;;;;;;;;
;Sem classificaçăo;;;;;;;;;;;498,50;;;;;21.589,33;;
;;;;;;;;;;;;;;;;;;;
;Total;;;;;;;;;;;498,50;;;;;21.589,33;;
;
;;;;;;;;;;;;;;;;;;;;;;;;;;

Contribuiçăo Previdenciária do Segurado por Vínculo;;;;;;;;;;;;;;;;;;;;;;;;;;
Vínculo;;;;;;;;;;;;;;;;;;;;;;;;Valor;;
30 - EFETIVO;;;;;;;;;;;;;;;;;;;;;;;;12.221,87;;
Total;;;;;;;;;;;;;;;;;;;;;;;;12.221,87;;

Base de I.R.R.F.;;;;;;91.464,75;;;Base de Previdęncia Total;;;;;;;;;;;;;;87.298,98;;
Base de F.G.T.S.;;;;;;0,00;;;Base de Previdęncia por Vínculo;;;;;;;;;;;;;;Valor;;
30 - EFETIVO;;;;;;;;;;;;;;87.298,98
;;;;;;;;;;;;;;;;

;;;;;;;;;;;;;;;;;;;;;;;;;;

Fiorilli S/C Software Ltda.;;;;;;; [65/danilo/GOIANA.SRV-006$] {7.1583.255.11.19633/R/19633};;;;;;;;;;;;;;;;;;
;;;;;;;;;FUNDO MUNICIPAL DE ASSISTENCIA SOCIAL DE GOIANA;;;;;;;;;;;;;;;;;;;;;;;;;;;;;;;;;;Męs/Ano;;;
;;;;;;;;;;;;;;;;;;;;;;;;;;;;;;;;;;;;;;;;;;
;;;;;;;;;01/2026;;
;;;;;;;;;AV MARECHAL DEODORO DA FONSECA, 278,  CENTRO. GOIANA-PE;;;;;;;;;;;;;;;;;;;;;;;;;;;;;;;;;;;;
;;;;;;;;
;;;;;;;;;CNPJ: 12.003.354/0001-79;;;;;;;;Folha Mensal;;;;;;;;;;;;;;;;;;;;;;;;;;;;;
;;;;;;;;
;;;;;;;;;Página 4 de 5;;;;;;;;
;;;;;;;;

Resumo Contábil;;;;;;;;;;;;;;;;;;;;;;;;;;;;;;;;;;;;;;;;;
;;;;;;;;;;;;;;;;;;;;;;;;;;;;;;;;;;;;;;;;;;3/31/2026 1:02:03 PM;;;;;;;;;

;;;;;;;;;;;;;;;;;;;;;;;;;;;;;;;;;;;;;;;;;;;;;;;;;;;;
Vínculo: 35 - COMISSIONADOS;;;;;;;;;;;;;;;;;;;;;;;;;;;;;;;;;;;;;;;;;;;;;;;;;;;;
;;Total de Vencimentos;;;;;;;;;;;;;;92.224,00;;;;;;;;;;;;;;;;;;;;;;;;;;;;;;;;;;;;;
;;;;;;;;;;;;;;;;;;;;;;;;;;
;;;;;;;;;;;;;;;;;;;;;;;;;;Total a Empenhar;;;;;;;;;;;;;;;;;;;;;;
;Salário Família;;;;;;;;;;;;;0,00;;;;;;;;;;;;;;;;;;;;;;;;;;;;;;;;;;
;;;;;;;;;;;;;;;;;;;;;;;;;;Total de Proventos;;;;;;;;;92.224,00 (+);;;;;;;;;;;
;Outras Deduçőes;;;;;;;;;;;;;0,00;;;;;;;;;;;;;;;;;;;;;;;;;;;;;;;;
;;;;;;;;;;;;;;;;;;;;;;;;;;Total Patronal;;;;;;;;;15.216,96 (+);;;;;;;;;;;
;Horas Extras (3.1.90.16);;;;;;;;;;;;;0,00;;;;;;;;;;;;;;;;;;;;;;;;;;;;;;;;
;;;;;;;;;;;;;;;;;;;;;;;;;;FGTS a Recolher;;;;;;;;;0,00 (+);;;;;;;;;;;
;Bolsa de Estudo (3.3.90.18);;;;;;;;;;;;;0,00;;;;;;;;;;;;;;;;;;;;;;;;;;;;;;;;
;;;;;;;;;;;;;;;;;;;;;;;;;;Total de Vantagens;;;;;;;;;0,00 (+);;;;;;;;;;;
;Despesa/Receita.Extra (PASEP,...);;;;;;;;;;;;;0,00;;;;;;;;;;;;;;;;;;;;;;;;;;;;;;;;
;;;;;;;;;;;;;;;;;;;;;;;;;;Deduçăo de Maternidade;;;;;;;;;0,00 (-);;;;;;;;;;;
;Sal. Maternidade;;;;;;;;;;;;;0,00;;;;;;;;;;;;;;;;;;;;;;;;;;;;;;;;
;;;;;;;;;;;;;;;;;;;;;;;;;;Deduçăo de Salário Família;;;;;;;;;0,00 (-);;;;;;;;;;;
;Beneficios Assistenciais;;;;;;;;;;;;;0,00;;;;;;;;;;;;;;;;;;;;;;;;;;;;;;;;
;;;;;;;;;;;;;;;;;;;;;;;;;;107.440,96 ;;;;;;;;;;;;;;;;;;;;
;;;;;;;;;;;;;;;;;;;;;;
;Total Bruto;;;;;;;;;;;;;92.224,00;;;;;;;;
;;;;;;;;;;;;;;;;;;;;;Total de Descontos;;;;;;;;;;;;;;;;;;;;;;;
;Total de Descontos;;;;;;;;;;;;;13.641,83;;;;;;;;;;;;;;;;;;;;;;;;;;;;;;;;;;
;;;;;;;;;;;;;;;;;;;;;;;;;;Total de Descontos;;;;;;;;;13.641,83 (+);;;;;;;;;;;
;Total Líquido;;;;;;;;;;;;;78.582,17;;;;;;;;;;;;;;;;;;;;;;;;;;;;;;;;
;;;;;;;;;;;;;;;;;;;;;;;;;;Deduçăo de Maternidade;;;;;;;;;0,00 (+);;;;;;;;;;;
;FGTS a Recolher;;;;;;;;;;;;;0,00;;;;;;;;;;;;;;;;;;;;;;;;;;;;;;;;
;;;;;;;;;;;;;;;;;;;;;;;;;;Deduçăo de Salário Família;;;;;;;;;0,00 (+);;;;;;;;;;;
;;Valor Ref. a 13ş Salário;;;;;;;;0,00;;;;;;;;;;;;;;;;;;;;;;;;
;;;;;;;;;;;;;;13.641,83;;;;;;;;;;;;;;;;;;;;
;;;;;;;;;;;;;;;;;;;;;;;;;;;;;;;;;;;;
;;;;;;;;;;;;;;;;;;;;;;;;;;;;;;;;;;
;;Valores Sem 13ş Salário;;;;;;;;0,00;;;;;;;;;;;;;;;;;;;;;;;;
;;;;;;;;;;;;;;
;;;;;;;;;;;;;;;;
;;;;;;;;;;;;;
;;
;;;;;;;;;;;;;;;;;;;;;;;;;;;;;;;;;;;;;;;;;;;;;;;;;;;;

Patronal;;;;;;;;;;;;;;;;;;;;;;;;;;;;;;;;;;;;;;;;;;;;;;;;;;;;
;;;;;;;;;;;;;;;;;;;;;;Bruto;;;;;;;;;Deduçőes;;;;;;;;;;;;;;;;Líquido;;;;;
;;;;;;;;;;;;;;;;;;;;;;;;;;;;;;;;;;;;;;;;;;;;;;;;;;;;;
;;;;;;;;;;;;;;;;;;;;;;;;;;;;;;;;;;;;;;;;;;;;;;;;;;;;;
;;;;;;;;;;;;;;;;;;;;;;;;;;;;;;;;;;;;;;;;;;;;;;;;;;;;;
;;;;;;;;;;;;;;;;;;;PatronalBruto;;;;;;;;;;SalárioFamília;;;;;;;;SalárioMaternidade;;;OutrasDeduçőes;;;;;PatronalLíquido;;;;;;;;
Vínculo;;;;;;;;;;;;;;;;;;;;;;;;;;;;;;;;;;;;;;;;;;;;;;;;;;;;;
35;;;;;;;COMISSIONADOS;;;;;;;;;;;;15.216,96;;;;;;;;;;0,00;;;;;;;;0,00;;;0,00;;;;;15.216,96;;;;;;;
;;;;;;;;;;;;;;;;;;;;;;;;;;;;;;;;;;;;;;;;;;;;;;;;;;;;
Total;;;;;;;;;;;;;;;;;;;15.216,96;;;;;;;;;;0,00;;;;;;;;0,00;;;0,00;;;;;15.216,96;;;;;;;

Funcionários;;;;;;;;;;;;;;;;;;;;;;;;;;;;;;;;;;;;;;;;;;;;;;;;;;;;
Situaçăo;;;;;;;;;;;;;;;;;;;;;;;;;;;;;;;;;;;;;;;;;;;;;;;;Quantidade;;;;
01 - Normal;;;;;;;;;;;;;;;;;;;;;;;;;;;;;;;;;;;;;;;;;;;;;;;;20;;;;
Total;;;;;;;;;;;;;;;;;;;;;;;;;;;;;;;;;;;;;;;;;;;;;;;;20;;;;
;;;;;;;;;;;;;;;;;;;;;;;;;;;;;;;;;;;;;;;;;;;;;;;;;;;;
Quantidade de trabalhadores processados;;;;;;;;;;;;;;;;;;;;;;;;;;;;;;;;;;;;;;;;;;;;;;;;20;;;;

Proventos;;;;;;;;;;;;;;;;;;;;;;;;;;;;;;;;;;;;;;;;;;;;;;;;;;;;
Evento;;;;;;;;Descriçăo;;;;;;;;;;;;;Qtde.;;;;;;;Refer.;;;;;;;Valor;;;;Classificaçăo contábil;;;;;;;;;;;;;
001;;;;;;;;SALARIO BASE;;;;;;;;;;;;;20;;;;;;;600,00;;92.224,00;;;;Salário Base;;;;;;;;;;;;;
;;;;;Resumo de Proventos por Classificaçăo;;;;;;;;;;;;;;;;;;;;;;;;;;;;;;;;;;;;;;;;;;;;;;;;
;;;;;;;;;;;;;;;;;;;;;;;;;;;;;;;;;;
;Salário Base;;;;;;;;;;;;;;;;;;;;;600,00;;;;;;;;92.224,00;;;;
;Total;;;;;;;;;;;;;;;;;;;;;600,00;;;;;;;;92.224,00;;;;
;;;;;;;;;;;;;;;;;;;;;;;;;;;;;;;;;;
;
;;;;;;;;;;;;;;;;;;;;;;;;;;;;;;;;;;;;;;;;;;;;;;;;;;;;

Descontos;;;;;;;;;;;;;;;;;;;;;;;;;;;;;;;;;;;;;;;;;;;;;;;;;;;;
Evento;;;;;;;;Descriçăo;;;;;;;;;;;;;Qtde.;;;;;;;Refer.;;;;;;;Valor;;;;Classificaçăo contábil;;;;;;;;;;;;;
919;;;;;;;;PREVIDENCIA - INSS;;;;;;;;;;;;;20;;;;;;;186,02;;8.459,33;;;;;;;;;;;;;;;;;
;;;;;;;;;;;;;;;;;;;;;;;;;;;;;;;;;;;;;;;;;;;;;;;;;;;;
920;;;;;;;;IRRF - SALARIO;;;;;;;;;;;;;10;;;;;;;240,00;;5.182,50;;;;;;;;;;;;;;;;;
;;;;;;;;;;;;;;;;;;;;;;;;;;;;;;;;;;;;;;;;;;;;;;;;;;;;
;Resumo de Descontos por Classificaçăo;;;;;;;;;;;;;;;;;;;;;;;;;;;;;;;;;
;Sem classificaçăo;;;;;;;;;;;;;;;;;;;;;426,02;;;;;;;;13.641,83;;;;
;;;;;;;;;;;;;;;;;;;;;;;;;;;;;;;;;;
;Total;;;;;;;;;;;;;;;;;;;;;426,02;;;;;;;;13.641,83;;;;
;
;;;;;;;;;;;;;;;;;;;;;;;;;;;;;;;;;;;;;;;;;;;;;;;;;;;;

Contribuiçăo Previdenciária do Segurado por Vínculo;;;;;;;;;;;;;;;;;;;;;;;;;;;;;;;;;;;;;;;;;;;;;;;;;;;;
Vínculo;;;;;;;;;;;;;;;;;;;;;;;;;;;;;;;;;;;;;;;;;;;;Valor;;;;;;;;
35 - COMISSIONADOS;;;;;;;;;;;;;;;;;;;;;;;;;;;;;;;;;;;;;;;;;;;;8.459,33;;;;;;;;
Total;;;;;;;;;;;;;;;;;;;;;;;;;;;;;;;;;;;;;;;;;;;;8.459,33;;;;;;;;

Base de I.R.R.F.;;;;;;;;;;;92.224,00;;;;;;Base de Previdęncia Total;;;;;;;;;;;;;;;;;;;;;;;;;;92.224,00;;;;;;;;
Base de F.G.T.S.;;;;;;;;;;;0,00;;;;;;Base de Previdęncia por Vínculo;;;;;;;;;;;;;;;;;;;;;;;;;;Valor;;;;;;;;
35 - COMISSIONADOS;;;;;;;;;;;;;;;;;;;;;;;;;;92.224,00;;
;;;;;;;;;;;;;;;;;;;;;;;;;;;;;;;;;;

;;;;;;;;;;;;;;;;;;;;;;;;;;;;;;;;;;;;;;;;;;;;;;;;;;;;

Fiorilli S/C Software Ltda.;;;;;;;;;;;;; [65/danilo/GOIANA.SRV-006$] {7.1583.255.11.19633/R/19633};;;;;;;;;;;;;;;;;;;;;;;;;;;;;;;;;;;;;;
;;;;;;;;;FUNDO MUNICIPAL DE ASSISTENCIA SOCIAL DE GOIANA;;;;;;;;;;;;;;;;;;;;;;;;;;;;;;;;;;;;;Męs/Ano;;;;
;;;;;;;;;;;;;;;;;;;;;;;;;;;;;;;;;;;;;;;;;;;;;
;;;;;;;;;01/2026;;
;;;;;;;;;AV MARECHAL DEODORO DA FONSECA, 278,  CENTRO. GOIANA-PE;;;;;;;;;;;;;;;;;;;;;;;;;;;;;;;;;;;;;;;
;;;;;;;;
;;;;;;;;;CNPJ: 12.003.354/0001-79;;;;;;;;Folha Mensal;;;;;;;;;;;;;;;;;;;;;;;;;;;;;;;;
;;;;;;;;
;;;;;;;;;Página 5 de 5;;;;;;;;;
;;;;;;;;;

Resumo Contábil;;;;;;;;;;;;;;;;;;;;;;;;;;;;;;;;;;;;;;;;;;;;
;;;;;;;;;;;;;;;;;;;;;;;;;;;;;;;;;;;;;;;;;;;;;3/31/2026 1:02:03 PM;;;;;;;;;;

;;;;;;;;;;;;;;;;;;;;;;;;;;;;;;;;;;;;;;;;;;;;;;;;;;;;;;;;
Vínculo: 97 - CONTRATOS;;;;;;;;;;;;;;;;;;;;;;;;;;;;;;;;;;;;;;;;;;;;;;;;;;;;;;;;
;;Total de Vencimentos;;;;;;;;;;;;;;199.513,03;;;;;;;;;;;;;;;;;;;;;;;;;;;;;;;;;;;;;;;;;
;;;;;;;;;;;;;;;;;;;;;;;;;;;
;;;;;;;;;;;;;;;;;;;;;;;;;;;Total a Empenhar;;;;;;;;;;;;;;;;;;;;;;;;;
;Salário Família;;;;;;;;;;;;;540,32;;;;;;;;;;;;;;;;;;;;;;;;;;;;;;;;;;;;;;
;;;;;;;;;;;;;;;;;;;;;;;;;;;Total de Proventos;;;;;;;;;;200.053,35 (+);;;;;;;;;;;;
;Outras Deduçőes;;;;;;;;;;;;;0,00;;;;;;;;;;;;;;;;;;;;;;;;;;;;;;;;;;;
;;;;;;;;;;;;;;;;;;;;;;;;;;;Total Patronal;;;;;;;;;;32.500,56 (+);;;;;;;;;;;;
;Horas Extras (3.1.90.16);;;;;;;;;;;;;0,00;;;;;;;;;;;;;;;;;;;;;;;;;;;;;;;;;;;
;;;;;;;;;;;;;;;;;;;;;;;;;;;FGTS a Recolher;;;;;;;;;;0,00 (+);;;;;;;;;;;;
;Bolsa de Estudo (3.3.90.18);;;;;;;;;;;;;0,00;;;;;;;;;;;;;;;;;;;;;;;;;;;;;;;;;;;
;;;;;;;;;;;;;;;;;;;;;;;;;;;Total de Vantagens;;;;;;;;;;0,00 (+);;;;;;;;;;;;
;Despesa/Receita.Extra (PASEP,...);;;;;;;;;;;;;0,00;;;;;;;;;;;;;;;;;;;;;;;;;;;;;;;;;;;
;;;;;;;;;;;;;;;;;;;;;;;;;;;Deduçăo de Maternidade;;;;;;;;;;0,00 (-);;;;;;;;;;;;
;Sal. Maternidade;;;;;;;;;;;;;0,00;;;;;;;;;;;;;;;;;;;;;;;;;;;;;;;;;;;
;;;;;;;;;;;;;;;;;;;;;;;;;;;Deduçăo de Salário Família;;;;;;;;;;540,32 (-);;;;;;;;;;;;
;Beneficios Assistenciais;;;;;;;;;;;;;0,00;;;;;;;;;;;;;;;;;;;;;;;;;;;;;;;;;;;
;;;;;;;;;;;;;;;;;;;;;;;;;;;232.013,59 ;;;;;;;;;;;;;;;;;;;;;;
;;;;;;;;;;;;;;;;;;;;;;;;
;Total Bruto;;;;;;;;;;;;;200.053,35;;;;;;;;;;
;;;;;;;;;;;;;;;;;;;;;;;Total de Descontos;;;;;;;;;;;;;;;;;;;;;;;;;;
;Total de Descontos;;;;;;;;;;;;;18.662,96;;;;;;;;;;;;;;;;;;;;;;;;;;;;;;;;;;;;;;
;;;;;;;;;;;;;;;;;;;;;;;;;;;Total de Descontos;;;;;;;;;;18.662,96 (+);;;;;;;;;;;;
;Total Líquido;;;;;;;;;;;;;181.390,39;;;;;;;;;;;;;;;;;;;;;;;;;;;;;;;;;;;
;;;;;;;;;;;;;;;;;;;;;;;;;;;Deduçăo de Maternidade;;;;;;;;;;0,00 (+);;;;;;;;;;;;
;FGTS a Recolher;;;;;;;;;;;;;0,00;;;;;;;;;;;;;;;;;;;;;;;;;;;;;;;;;;;
;;;;;;;;;;;;;;;;;;;;;;;;;;;Deduçăo de Salário Família;;;;;;;;;;540,32 (+);;;;;;;;;;;;
;;Valor Ref. a 13ş Salário;;;;;;;;0,00;;;;;;;;;;;;;;;;;;;;;;;;;;
;;;;;;;;;;;;;;19.203,28;;;;;;;;;;;;;;;;;;;;;;
;;;;;;;;;;;;;;;;;;;;;;;;;;;;;;;;;;;;;;
;;;;;;;;;;;;;;;;;;;;;;;;;;;;;;;;;;;;
;;Valores Sem 13ş Salário;;;;;;;;0,00;;;;;;;;;;;;;;;;;;;;;;;;;;
;;;;;;;;;;;;;;
;;;;;;;;;;;;;;;;
;;;;;;;;;;;;;
;;
;;;;;;;;;;;;;;;;;;;;;;;;;;;;;;;;;;;;;;;;;;;;;;;;;;;;;;;;

Patronal;;;;;;;;;;;;;;;;;;;;;;;;;;;;;;;;;;;;;;;;;;;;;;;;;;;;;;;;
;;;;;;;;;;;;;;;;;;;;;;;Bruto;;;;;;;;;Deduçőes;;;;;;;;;;;;;;;;;;Líquido;;;;;;
;;;;;;;;;;;;;;;;;;;;;;;;;;;;;;;;;;;;;;;;;;;;;;;;;;;;;;;;;
;;;;;;;;;;;;;;;;;;;;;;;;;;;;;;;;;;;;;;;;;;;;;;;;;;;;;;;;;
;;;;;;;;;;;;;;;;;;;;;;;;;;;;;;;;;;;;;;;;;;;;;;;;;;;;;;;;;
;;;;;;;;;;;;;;;;;;;;PatronalBruto;;;;;;;;;;SalárioFamília;;;;;;;;;;SalárioMaternidade;;;OutrasDeduçőes;;;;;PatronalLíquido;;;;;;;;;
Vínculo;;;;;;;;;;;;;;;;;;;;;;;;;;;;;;;;;;;;;;;;;;;;;;;;;;;;;;;;;
97;;;;;;;CONTRATOS;;;;;;;;;;;;;32.500,56;;;;;;;;;;540,32;;;;;;;;;;0,00;;;0,00;;;;;31.960,24;;;;;;;;
;;;;;;;;;;;;;;;;;;;;;;;;;;;;;;;;;;;;;;;;;;;;;;;;;;;;;;;;
Total;;;;;;;;;;;;;;;;;;;;32.500,56;;;;;;;;;;540,32;;;;;;;;;;0,00;;;0,00;;;;;31.960,24;;;;;;;;

Funcionários;;;;;;;;;;;;;;;;;;;;;;;;;;;;;;;;;;;;;;;;;;;;;;;;;;;;;;;;
Situaçăo;;;;;;;;;;;;;;;;;;;;;;;;;;;;;;;;;;;;;;;;;;;;;;;;;;;Quantidade;;;;;
01 - Normal;;;;;;;;;;;;;;;;;;;;;;;;;;;;;;;;;;;;;;;;;;;;;;;;;;;81;;;;;
94 - Afastamento por Doença năo relacionada ao trabalho;;;;;;;;;;;;;;;;;;;;;;;;;;;;;;;;;;;;;;;;;;;;;;;;;;;1;;;;;
Total;;;;;;;;;;;;;;;;;;;;;;;;;;;;;;;;;;;;;;;;;;;;;;;;;;;82;;;;;
;;;;;;;;;;;;;;;;;;;;;;;;;;;;;;;;;;;;;;;;;;;;;;;;;;;;;;;;
Quantidade de trabalhadores processados;;;;;;;;;;;;;;;;;;;;;;;;;;;;;;;;;;;;;;;;;;;;;;;;;;;82;;;;;

Proventos;;;;;;;;;;;;;;;;;;;;;;;;;;;;;;;;;;;;;;;;;;;;;;;;;;;;;;;;
Evento;;;;;;;;Descriçăo;;;;;;;;;;;;;;Qtde.;;;;;;;Refer.;;;;;;;;;Valor;;;;Classificaçăo contábil;;;;;;;;;;;;;;
001;;;;;;;;SALARIO BASE;;;;;;;;;;;;;;80;;;;;;;2.400,00;;;;;196.973,16;;;;Salário Base;;;;;;;;;;;;;;
904;;;;;;;;SALARIO FAMILIA;;;;;;;;;;;;;;7;;;;;;;;;;;;;;8,00;;540,32;;;;Salário Família;;;;;;;;;;;;;;
;;;;;;;;;;;;;;;;;;;;;;;;;;;;;;;;;;;;;;;;;;;;;;;;;
918;;;;;;;;ESTOURO NO MES;;;;;;;;;;;;;;2;;;;;;;;;;;;;;2,00;;2.539,87;;;;;;;;;;;;;;;;;;
;;;;;;;;;;;;;;;;;;;;;;;;;;;;;;;;;;;;;;;;;;;;;;;;;
;;;;;Resumo de Proventos por Classificaçăo;;;;;;;;;;;;;;;;;;;;;;;;;;;;;;;;;;;;;;;;;;;;;;;;;;;;
;;;;;;;;;;;;;;;;;;;;;;;;;;;;;;;;;;;;;
;Sem classificaçăo;;;;;;;;;;;;;;;;;;;;;;2,00;;;;;;;;;;2.539,87;;;;
;Salário Família;;;;;;;;;;;;;;;;;;;;;;8,00;;;;;;;;;;540,32;;;;
;Salário Base;;;;;;;;;;;;;;;;;;;;;;2.400,00;;;;;;;;;;196.973,16;;;;
;Total;;;;;;;;;;;;;;;;;;;;;;2.410,00;;;;;;;;;;200.053,35;;;;
;;;;;;;;;;;;;;;;;;;;;;;;;;;;;;;;;;;;;
;
;;;;;;;;;;;;;;;;;;;;;;;;;;;;;;;;;;;;;;;;;;;;;;;;;;;;;;;;

Descontos;;;;;;;;;;;;;;;;;;;;;;;;;;;;;;;;;;;;;;;;;;;;;;;;;;;;;;;;
Evento;;;;;;;;Descriçăo;;;;;;;;;;;;;;Qtde.;;;;;;;Refer.;;;;;;;;;Valor;;;;Classificaçăo contábil;;;;;;;;;;;;;;
919;;;;;;;;PREVIDENCIA - INSS;;;;;;;;;;;;;;80;;;;;;;643,20;;;16.123,09;;;;;;;;;;;;;;;;;;
;;;;;;;;;;;;;;;;;;;;;;;;;;;;;;;;;;;;;;;;;;;;;;;;;;;;;;;;
928;;;;;;;;ESTOURO MES ANTERIOR;;;;;;;;;;;;;;2;;;;;;;0,00;;2.539,87;;;;;;;;;;;;;;;;;;
;;;;;;;;;;;;;;;;;;;;;;;;;;;;;;;;;;;;;;;;;;;;;;;;;;;;;;;;
;Resumo de Descontos por Classificaçăo;;;;;;;;;;;;;;;;;;;;;;;;;;;;;;;;;;;;
;Sem classificaçăo;;;;;;;;;;;;;;;;;;;;;;643,20;;;;;;;;;;18.662,96;;;;
;;;;;;;;;;;;;;;;;;;;;;;;;;;;;;;;;;;;;
;Total;;;;;;;;;;;;;;;;;;;;;;643,20;;;;;;;;;;18.662,96;;;;
;
;;;;;;;;;;;;;;;;;;;;;;;;;;;;;;;;;;;;;;;;;;;;;;;;;;;;;;;;

Contribuiçăo Previdenciária do Segurado por Vínculo;;;;;;;;;;;;;;;;;;;;;;;;;;;;;;;;;;;;;;;;;;;;;;;;;;;;;;;;
Vínculo;;;;;;;;;;;;;;;;;;;;;;;;;;;;;;;;;;;;;;;;;;;;;;;Valor;;;;;;;;;
97 - CONTRATOS;;;;;;;;;;;;;;;;;;;;;;;;;;;;;;;;;;;;;;;;;;;;;;;16.123,09;;;;;;;;;
Total;;;;;;;;;;;;;;;;;;;;;;;;;;;;;;;;;;;;;;;;;;;;;;;16.123,09;;;;;;;;;

Base de I.R.R.F.;;;;;;;;;;;196.973,16;;;;;;Base de Previdęncia Total;;;;;;;;;;;;;;;;;;;;;;;;;;;;;196.973,16;;;;;;;;;
Base de F.G.T.S.;;;;;;;;;;;0,00;;;;;;Base de Previdęncia por Vínculo;;;;;;;;;;;;;;;;;;;;;;;;;;;;;Valor;;;;;;;;;
97 - CONTRATOS;;;;;;;;;;;;;;;;;;;;;;;;;;;;;196.973,16;;;
;;;;;;;;;;;;;;;;;;;;;;;;;;;;;;;;;;;;;;

;;;;;;;;;;;;;;;;;;;;;;;;;;;;;;;;;;;;;;;;;;;;;;;;;;;;;;;;

Fiorilli S/C Software Ltda.;;;;;;;;;;;;; [65/danilo/GOIANA.SRV-006$] {7.1583.255.11.19633/R/19633};;;;;;;;;;;;;;;;;;;;;;;;;;;;;;;;;;;;;;;;;;
