;;;;;;;;;PREFEITURA MUNICIPAL DE GOIANA;;;;;;;;;;;;;;;;;;;;;;;;;;;;;;;;;;Męs/Ano;;;
;;;;;;;;;;;;;;;;;;;;;;;;;;;;;;;;;;;;;;;;;;
;;;;;;;;;03/2026;;
;;;;;;;;;AV MARECHAL DEODORO DA FONSECA, 01,  CENTRO. GOIANA-PE;;;;;;;;;;;;;;;;;;;;;;;;;;;;;;;;;;;;
;;;;;;;;
;;;;;;;;;CNPJ: 10.150.043/0001-07;;;;;;;;Folha Mensal;;;;;;;;;;;;;;;;;;;;;;;;;;;;;
;;;;;;;;
;;;;;;;;;Página 1 de 9;;;;;;;;
;;;;;;;;

Resumo Contábil;;;;;;;;;;;;;;;;;;;;;;;;;;;;;;;;;;;;;;;;;
;;;;;;;;;;;;;;;;;;;;;;;;;;;;;;;;;;;;;;;;;;3/31/2026 1:00:07 PM;;;;;;;;;

;;;;;;;;;;;;;;;;;;;;;;;;;;;;;;;;;;;;;;;;;;;;;;;;;;;;
Vínculo: 03 - ELETIVO;;;;;;;;;;;;;;;;;;;;;;;;;;;;;;;;;;;;;;;;;;;;;;;;;;;;
;;Total de Vencimentos;;;;;;;;;;;;;;47.700,00;;;;;;;;;;;;;;;;;;;;;;;;;;;;;;;;;;;;;
;;;;;;;;;;;;;;;;;;;;;;;;;;
;;;;;;;;;;;;;;;;;;;;;;;;;;Total a Empenhar;;;;;;;;;;;;;;;;;;;;;;
;Salário Família;;;;;;;;;;;;;0,00;;;;;;;;;;;;;;;;;;;;;;;;;;;;;;;;;;
;;;;;;;;;;;;;;;;;;;;;;;;;;Total de Proventos;;;;;;;;;47.700,00 (+);;;;;;;;;;;
;Outras Deduçőes;;;;;;;;;;;;;0,00;;;;;;;;;;;;;;;;;;;;;;;;;;;;;;;;
;;;;;;;;;;;;;;;;;;;;;;;;;;Total Patronal;;;;;;;;;8.109,00 (+);;;;;;;;;;;
;Horas Extras (3.1.90.16);;;;;;;;;;;;;0,00;;;;;;;;;;;;;;;;;;;;;;;;;;;;;;;;
;;;;;;;;;;;;;;;;;;;;;;;;;;FGTS a Recolher;;;;;;;;;0,00 (+);;;;;;;;;;;
;Bolsa de Estudo (3.3.90.18);;;;;;;;;;;;;0,00;;;;;;;;;;;;;;;;;;;;;;;;;;;;;;;;
;;;;;;;;;;;;;;;;;;;;;;;;;;Total de Vantagens;;;;;;;;;0,00 (+);;;;;;;;;;;
;Despesa/Receita.Extra (PASEP,...);;;;;;;;;;;;;0,00;;;;;;;;;;;;;;;;;;;;;;;;;;;;;;;;
;;;;;;;;;;;;;;;;;;;;;;;;;;Deduçăo de Maternidade;;;;;;;;;0,00 (-);;;;;;;;;;;
;Sal. Maternidade;;;;;;;;;;;;;0,00;;;;;;;;;;;;;;;;;;;;;;;;;;;;;;;;
;;;;;;;;;;;;;;;;;;;;;;;;;;Deduçăo de Salário Família;;;;;;;;;0,00 (-);;;;;;;;;;;
;Beneficios Assistenciais;;;;;;;;;;;;;0,00;;;;;;;;;;;;;;;;;;;;;;;;;;;;;;;;
;;;;;;;;;;;;;;;;;;;;;;;;;;55.809,00 ;;;;;;;;;;;;;;;;;;;;
;;;;;;;;;;;;;;;;;;;;;;
;Total Bruto;;;;;;;;;;;;;47.700,00;;;;;;;;
;;;;;;;;;;;;;;;;;;;;;Total de Descontos;;;;;;;;;;;;;;;;;;;;;;;
;Total de Descontos;;;;;;;;;;;;;12.628,47;;;;;;;;;;;;;;;;;;;;;;;;;;;;;;;;;;
;;;;;;;;;;;;;;;;;;;;;;;;;;Total de Descontos;;;;;;;;;12.628,47 (+);;;;;;;;;;;
;Total Líquido;;;;;;;;;;;;;35.071,53;;;;;;;;;;;;;;;;;;;;;;;;;;;;;;;;
;;;;;;;;;;;;;;;;;;;;;;;;;;Deduçăo de Maternidade;;;;;;;;;0,00 (+);;;;;;;;;;;
;FGTS a Recolher;;;;;;;;;;;;;0,00;;;;;;;;;;;;;;;;;;;;;;;;;;;;;;;;
;;;;;;;;;;;;;;;;;;;;;;;;;;Deduçăo de Salário Família;;;;;;;;;0,00 (+);;;;;;;;;;;
;;Valor Ref. a 13ş Salário;;;;;;;;0,00;;;;;;;;;;;;;;;;;;;;;;;;
;;;;;;;;;;;;;;12.628,47;;;;;;;;;;;;;;;;;;;;
;;;;;;;;;;;;;;;;;;;;;;;;;;;;;;;;;;;;
;;;;;;;;;;;;;;;;;;;;;;;;;;;;;;;;;;
;;Valores Sem 13ş Salário;;;;;;;;0,00;;;;;;;;;;;;;;;;;;;;;;;;
;;;;;;;;;;;;;;
;;;;;;;;;;;;;;;;
;;;;;;;;;;;;;
;;
;;;;;;;;;;;;;;;;;;;;;;;;;;;;;;;;;;;;;;;;;;;;;;;;;;;;

Patronal;;;;;;;;;;;;;;;;;;;;;;;;;;;;;;;;;;;;;;;;;;;;;;;;;;;;
;;;;;;;;;;;;;;;;;;;;;;Bruto;;;;;;;;;Deduçőes;;;;;;;;;;;;;;;;Líquido;;;;;
;;;;;;;;;;;;;;;;;;;;;;;;;;;;;;;;;;;;;;;;;;;;;;;;;;;;;
;;;;;;;;;;;;;;;;;;;;;;;;;;;;;;;;;;;;;;;;;;;;;;;;;;;;;
;;;;;;;;;;;;;;;;;;;;;;;;;;;;;;;;;;;;;;;;;;;;;;;;;;;;;
;;;;;;;;;;;;;;;;;;;PatronalBruto;;;;;;;;;;SalárioFamília;;;;;;;;SalárioMaternidade;;;OutrasDeduçőes;;;;;PatronalLíquido;;;;;;;;
Vínculo;;;;;;;;;;;;;;;;;;;;;;;;;;;;;;;;;;;;;;;;;;;;;;;;;;;;;
03;;;;;;;ELETIVO;;;;;;;;;;;;8.109,00;;;;;;;;;;0,00;;;;;;;;0,00;;;0,00;;;;;8.109,00;;;;;;;
;;;;;;;;;;;;;;;;;;;;;;;;;;;;;;;;;;;;;;;;;;;;;;;;;;;;
Total;;;;;;;;;;;;;;;;;;;8.109,00;;;;;;;;;;0,00;;;;;;;;0,00;;;0,00;;;;;8.109,00;;;;;;;

Funcionários;;;;;;;;;;;;;;;;;;;;;;;;;;;;;;;;;;;;;;;;;;;;;;;;;;;;
Situaçăo;;;;;;;;;;;;;;;;;;;;;;;;;;;;;;;;;;;;;;;;;;;;;;;;Quantidade;;;;
01 - Normal;;;;;;;;;;;;;;;;;;;;;;;;;;;;;;;;;;;;;;;;;;;;;;;;2;;;;
Total;;;;;;;;;;;;;;;;;;;;;;;;;;;;;;;;;;;;;;;;;;;;;;;;2;;;;
;;;;;;;;;;;;;;;;;;;;;;;;;;;;;;;;;;;;;;;;;;;;;;;;;;;;
Quantidade de trabalhadores processados;;;;;;;;;;;;;;;;;;;;;;;;;;;;;;;;;;;;;;;;;;;;;;;;2;;;;

Proventos;;;;;;;;;;;;;;;;;;;;;;;;;;;;;;;;;;;;;;;;;;;;;;;;;;;;
Evento;;;;;;;;Descriçăo;;;;;;;;;;;;;Qtde.;;;;;;;Refer.;;;;;;;Valor;;;;Classificaçăo contábil;;;;;;;;;;;;;
001;;;;;;;;SALARIO BASE;;;;;;;;;;;;;2;;;;;;;60,00;;47.700,00;;;;Salário Base;;;;;;;;;;;;;
;;;;;Resumo de Proventos por Classificaçăo;;;;;;;;;;;;;;;;;;;;;;;;;;;;;;;;;;;;;;;;;;;;;;;;
;;;;;;;;;;;;;;;;;;;;;;;;;;;;;;;;;;
;Salário Base;;;;;;;;;;;;;;;;;;;;;60,00;;;;;;;;47.700,00;;;;
;Total;;;;;;;;;;;;;;;;;;;;;60,00;;;;;;;;47.700,00;;;;
;;;;;;;;;;;;;;;;;;;;;;;;;;;;;;;;;;
;
;;;;;;;;;;;;;;;;;;;;;;;;;;;;;;;;;;;;;;;;;;;;;;;;;;;;

Descontos;;;;;;;;;;;;;;;;;;;;;;;;;;;;;;;;;;;;;;;;;;;;;;;;;;;;
Evento;;;;;;;;Descriçăo;;;;;;;;;;;;;Qtde.;;;;;;;Refer.;;;;;;;Valor;;;;Classificaçăo contábil;;;;;;;;;;;;;
919;;;;;;;;PREVIDENCIA - INSS;;;;;;;;;;;;;2;;;;;;;23,32;;1.976,14;;;;;;;;;;;;;;;;;
;;;;;;;;;;;;;;;;;;;;;;;;;;;;;;;;;;;;;;;;;;;;;;;;;;;;
920;;;;;;;;IRRF - SALARIO;;;;;;;;;;;;;2;;;;;;;55,00;;10.652,33;;;;;;;;;;;;;;;;;
;;;;;;;;;;;;;;;;;;;;;;;;;;;;;;;;;;;;;;;;;;;;;;;;;;;;
;Resumo de Descontos por Classificaçăo;;;;;;;;;;;;;;;;;;;;;;;;;;;;;;;;;
;Sem classificaçăo;;;;;;;;;;;;;;;;;;;;;78,32;;;;;;;;12.628,47;;;;
;;;;;;;;;;;;;;;;;;;;;;;;;;;;;;;;;;
;Total;;;;;;;;;;;;;;;;;;;;;78,32;;;;;;;;12.628,47;;;;
;
;;;;;;;;;;;;;;;;;;;;;;;;;;;;;;;;;;;;;;;;;;;;;;;;;;;;

Contribuiçăo Previdenciária do Segurado por Vínculo;;;;;;;;;;;;;;;;;;;;;;;;;;;;;;;;;;;;;;;;;;;;;;;;;;;;
Vínculo;;;;;;;;;;;;;;;;;;;;;;;;;;;;;;;;;;;;;;;;;;;;Valor;;;;;;;;
03 - ELETIVO;;;;;;;;;;;;;;;;;;;;;;;;;;;;;;;;;;;;;;;;;;;;1.976,14;;;;;;;;
Total;;;;;;;;;;;;;;;;;;;;;;;;;;;;;;;;;;;;;;;;;;;;1.976,14;;;;;;;;

Base de I.R.R.F.;;;;;;;;;;;47.700,00;;;;;;Base de Previdęncia Total;;;;;;;;;;;;;;;;;;;;;;;;;;47.700,00;;;;;;;;
Base de F.G.T.S.;;;;;;;;;;;0,00;;;;;;Base de Previdęncia por Vínculo;;;;;;;;;;;;;;;;;;;;;;;;;;Valor;;;;;;;;
03 - ELETIVO;;;;;;;;;;;;;;;;;;;;;;;;;;47.700,00;;
;;;;;;;;;;;;;;;;;;;;;;;;;;;;;;;;;;

;;;;;;;;;;;;;;;;;;;;;;;;;;;;;;;;;;;;;;;;;;;;;;;;;;;;

Fiorilli S/C Software Ltda.;;;;;;;;;;;;; [65/danilo/GOIANA.SRV-006$] {7.1583.255.11.19633/R/19633};;;;;;;;;;;;;;;;;;;;;;;;;;;;;;;;;;;;;;
;;;;;;;;PREFEITURA MUNICIPAL DE GOIANA;;;;;;;;;;;;;;;;;;;;;;;;;;;;;;;;;;Męs/Ano;;;
;;;;;;;;;;;;;;;;;;;;;;;;;;;;;;;;;;;;;;;;;
;;;;;;;;03/2026;;
;;;;;;;;AV MARECHAL DEODORO DA FONSECA, 01,  CENTRO. GOIANA-PE;;;;;;;;;;;;;;;;;;;;;;;;;;;;;;;;;;;;
;;;;;;;
;;;;;;;;CNPJ: 10.150.043/0001-07;;;;;;;Folha Mensal;;;;;;;;;;;;;;;;;;;;;;;;;;;;;;
;;;;;;;
;;;;;;;;Página 2 de 9;;;;;;;;
;;;;;;;;

Resumo Contábil;;;;;;;;;;;;;;;;;;;;;;;;;;;;;;;;;;;;;;;;
;;;;;;;;;;;;;;;;;;;;;;;;;;;;;;;;;;;;;;;;;3/31/2026 1:00:07 PM;;;;;;;;;

;;;;;;;;;;;;;;;;;;;;;;;;;;;;;;;;;;;;;;;;;;;;;;;;;;;
Vínculo: 30 - EFETIVO;;;;;;;;;;;;;;;;;;;;;;;;;;;;;;;;;;;;;;;;;;;;;;;;;;;
;;Total de Vencimentos;;;;;;;;;;;;3.189.642,48;;;;;;;;;;;;;;;;;;;;;;;;;;;;;;;;;;;;;;
;;;;;;;;;;;;;;;;;;;;;;;
;;;;;;;;;;;;;;;;;;;;;;;Total a Empenhar;;;;;;;;;;;;;;;;;;;;;;;;
;Salário Família;;;;;;;;;;;248,16;;;;;;;;;;;;;;;;;;;;;;;;;;;;;;;;;;;
;;;;;;;;;;;;;;;;;;;;;;;Total de Proventos;;;;;;;;;3.356.633,44 (+);;;;;;;;;;;
;Outras Deduçőes;;;;;;;;;;;0,00;;;;;;;;;;;;;;;;;;;;;;;;;;;;;;;
;;;;;;;;;;;;;;;;;;;;;;;Total Patronal;;;;;;;;;1.534.121,63 (+);;;;;;;;;;;
;Horas Extras (3.1.90.16);;;;;;;;;;;166.742,80;;;;;;;;;;;;;;;;;;;;;;;;;;;;;;;
;;;;;;;;;;;;;;;;;;;;;;;FGTS a Recolher;;;;;;;;;0,00 (+);;;;;;;;;;;
;Bolsa de Estudo (3.3.90.18);;;;;;;;;;;0,00;;;;;;;;;;;;;;;;;;;;;;;;;;;;;;;
;;;;;;;;;;;;;;;;;;;;;;;Total de Vantagens;;;;;;;;;0,00 (+);;;;;;;;;;;
;Despesa/Receita.Extra (PASEP,...);;;;;;;;;;;0,00;;;;;;;;;;;;;;;;;;;;;;;;;;;;;;;
;;;;;;;;;;;;;;;;;;;;;;;Deduçăo de Maternidade;;;;;;;;;0,00 (-);;;;;;;;;;;
;Sal. Maternidade;;;;;;;;;;;0,00;;;;;;;;;;;;;;;;;;;;;;;;;;;;;;;
;;;;;;;;;;;;;;;;;;;;;;;Deduçăo de Salário Família;;;;;;;;;0,00 (-);;;;;;;;;;;
;Beneficios Assistenciais;;;;;;;;;;;0,00;;;;;;;;;;;;;;;;;;;;;;;;;;;;;;;
;;;;;;;;;;;;;;;;;;;;;;;4.890.755,07 ;;;;;;;;;;;;;;;;;;;;
;;;;;;;;;;;;;;;;;;;;;;
;Total Bruto;;;;;;;;;;;3.356.633,44;;;;;;;;;;
;;;;;;;;;;;;;;;;;;;;;Total de Descontos;;;;;;;;;;;;;;;;;;;;;;;;;
;Total de Descontos;;;;;;;;;;;1.084.206,52;;;;;;;;;;;;;;;;;;;;;;;;;;;;;;;;;;;
;;;;;;;;;;;;;;;;;;;;;;;Total de Descontos;;;;;;;;;1.084.206,52 (+);;;;;;;;;;;
;Total Líquido;;;;;;;;;;;2.272.426,92;;;;;;;;;;;;;;;;;;;;;;;;;;;;;;;
;;;;;;;;;;;;;;;;;;;;;;;Deduçăo de Maternidade;;;;;;;;;0,00 (+);;;;;;;;;;;
;FGTS a Recolher;;;;;;;;;;;0,00;;;;;;;;;;;;;;;;;;;;;;;;;;;;;;;
;;;;;;;;;;;;;;;;;;;;;;;Deduçăo de Salário Família;;;;;;;;;0,00 (+);;;;;;;;;;;
;;Valor Ref. a 13ş Salário;;;;;;;0,00;;;;;;;;;;;;;;;;;;;;;;;
;;;;;;;;;;;;1.084.206,52;;;;;;;;;;;;;;;;;;;;
;;;;;;;;;;;;;;;;;;;;;;;;;;;;;;;;;
;;;;;;;;;;;;;;;;;;;;;;;;;;;;;;;;
;;Valores Sem 13ş Salário;;;;;;;0,00;;;;;;;;;;;;;;;;;;;;;;;
;;;;;;;;;;;;
;;;;;;;;;;;;;
;;;;;;;;;;;
;;
;;;;;;;;;;;;;;;;;;;;;;;;;;;;;;;;;;;;;;;;;;;;;;;;;;;

Patronal;;;;;;;;;;;;;;;;;;;;;;;;;;;;;;;;;;;;;;;;;;;;;;;;;;;
;;;;;;;;;;;;;;;;;;;;Bruto;;;;;;;;;Deduçőes;;;;;;;;;;;;;;;;;Líquido;;;;;
;;;;;;;;;;;;;;;;;;;;;;;;;;;;;;;;;;;;;;;;;;;;;;;;;;;;
;;;;;;;;;;;;;;;;;;;;;;;;;;;;;;;;;;;;;;;;;;;;;;;;;;;;
;;;;;;;;;;;;;;;;;;;;;;;;;;;;;;;;;;;;;;;;;;;;;;;;;;;;
;;;;;;;;;;;;;;;;;PatronalBruto;;;;;;;;;SalárioFamília;;;;;;;;;;;SalárioMaternidade;;OutrasDeduçőes;;;;;PatronalLíquido;;;;;;;;
Vínculo;;;;;;;;;;;;;;;;;;;;;;;;;;;;;;;;;;;;;;;;;;;;;;;;;;;;
30;;;;;;EFETIVO;;;;;;;;;;;1.534.121,63;;;;;;;;;0,00;;;;;;;;;;;0,00;;0,00;;;;;1.534.121,63;;;;;;;
;;;;;;;;;;;;;;;;;;;;;;;;;;;;;;;;;;;;;;;;;;;;;;;;;;;
Total;;;;;;;;;;;;;;;;;1.534.121,63;;;;;;;;;0,00;;;;;;;;;;;0,00;;0,00;;;;;1.534.121,63;;;;;;;

Funcionários;;;;;;;;;;;;;;;;;;;;;;;;;;;;;;;;;;;;;;;;;;;;;;;;;;;
Situaçăo;;;;;;;;;;;;;;;;;;;;;;;;;;;;;;;;;;;;;;;;;;;;;;;Quantidade;;;;
01 - Normal;;;;;;;;;;;;;;;;;;;;;;;;;;;;;;;;;;;;;;;;;;;;;;;338;;;;
94 - Afastamento por Doença năo relacionada ao trabalho;;;;;;;;;;;;;;;;;;;;;;;;;;;;;;;;;;;;;;;;;;;;;;;5;;;;
98 - Afastamento com vencimento/remuneraçăo;;;;;;;;;;;;;;;;;;;;;;;;;;;;;;;;;;;;;;;;;;;;;;;1;;;;
Total;;;;;;;;;;;;;;;;;;;;;;;;;;;;;;;;;;;;;;;;;;;;;;;344;;;;
;;;;;;;;;;;;;;;;;;;;;;;;;;;;;;;;;;;;;;;;;;;;;;;;;;;
Quantidade de trabalhadores processados;;;;;;;;;;;;;;;;;;;;;;;;;;;;;;;;;;;;;;;;;;;;;;;344;;;;

Proventos;;;;;;;;;;;;;;;;;;;;;;;;;;;;;;;;;;;;;;;;;;;;;;;;;;;
Evento;;;;;;;Descriçăo;;;;;;;;;;;;Qtde.;;;;;;Refer.;;;;;;;;;;Valor;;;Classificaçăo contábil;;;;;;;;;;;;;
001;;;;;;;SALARIO BASE;;;;;;;;;;;;342;;;;;;10.220,00;;;;;;;1.769.489,14;;;Salário Base;;;;;;;;;;;;;
021;;;;;;;INSALUBRIDADE 40%(BASE);;;;;;;;;;;;2;;;;;;;;;;;;;;80,00;;1.752,20;;;;;;;;;;;;;;;;
;;;;;;;;;;;;;;;;;;;;;;;;;;;;;;;;;;;;;;;;;;;
028;;;;;;;RISCO DE VIDA 20%;;;;;;;;;;;;75;;;;;;;;;;;1.500,00;;;;;78.876,04;;;;;;;;;;;;;;;;
;;;;;;;;;;;;;;;;;;;;;;;;;;;;;;;;;;;;;;;;;;;;;;
032;;;;;;;GRATIFICAÇĂO LC 027/2023 - PROCURADORCHEFE;;;;;;;;;;;;1;;;;;;;;;;;;;;10,00;;1.714,09;;;;;;;;;;;;;;;;
;;;;;;;;;;;;;;;;;;;;;;;;;;;;;;;;;;;;;;;;;;;
034;;;;;;;INSALUBRIDADE 20%(BASE);;;;;;;;;;;;1;;;;;;;;;;;;;;20,00;;717,53;;;;;;;;;;;;;;;;
;;;;;;;;;;;;;;;;;;;;;;;;;;;;;;;;;;;;;;;;;;;
038;;;;;;;GRATIFICAÇĂO LC 027/2023 - PROCURADORCIVEL;;;;;;;;;;;;1;;;;;;;;;;;;;;10,00;;1.560,60;;;;;;;;;;;;;;;;
;;;;;;;;;;;;;;;;;;;;;;;;;;;;;;;;;;;;;;;;;;;
039;;;;;;;GRATIFICAÇĂO LC 027/2023 - PROCURADORFISCAL;;;;;;;;;;;;1;;;;;;;;;;;;;;10,00;;1.530,00;;;;;;;;;;;;;;;;
;;;;;;;;;;;;;;;;;;;;;;;;;;;;;;;;;;;;;;;;;;;
040;;;;;;;GRAT. DE EXERCÍCIO LEI 2728/25;;;;;;;;;;;;45;;;;;;;;;;;3.600,00;;;;;239.148,52;;;;;;;;;;;;;;;;
;;;;;;;;;;;;;;;;;;;;;;;;;;;;;;;;;;;;;;;;;;;;;;
041;;;;;;;GRAT COMPDEC;;;;;;;;;;;;7;;;;;;;;;;;;;210,00;;;12.579,67;;;;;;;;;;;;;;;;
;;;;;;;;;;;;;;;;;;;;;;;;;;;;;;;;;;;;;;;;;;;;
056;;;;;;;GRAT COMISS LICITA;;;;;;;;;;;;1;;;;;;;;;;;;;;;0,00;2.800,00;;;;;;;;;;;;;;;;
;;;;;;;;;;;;;;;;;;;;;;;;;;;;;;;;;;;;;;;;;;
057;;;;;;;SUBSIDIO CARGO DESIGNADO;;;;;;;;;;;;2;;;;;;;;;;;;;;;0,00;19.665,30;;;;;;;;;;;;;;;;
;;;;;;;;;;;;;;;;;;;;;;;;;;;;;;;;;;;;;;;;;;
071;;;;;;;GRAT JUST ELEITORAL;;;;;;;;;;;;3;;;;;;;;;;;;;150,00;;;9.348,08;;;;;;;;;;;;;;;;
;;;;;;;;;;;;;;;;;;;;;;;;;;;;;;;;;;;;;;;;;;;;
073;;;;;;;MOTORISTA GUARD LEI 2042/07;;;;;;;;;;;;15;;;;;;;;;;;;;150,00;;;8.110,83;;;;;;;;;;;;;;;;
;;;;;;;;;;;;;;;;;;;;;;;;;;;;;;;;;;;;;;;;;;;;
076;;;;;;;QUINQUENIO;;;;;;;;;;;;149;;;;;;;;;;;;;415,00;;;107.951,03;;;;;;;;;;;;;;;;
;;;;;;;;;;;;;;;;;;;;;;;;;;;;;;;;;;;;;;;;;;;;
078;;;;;;;GRATIFICAÇĂO 2/3;;;;;;;;;;;;5;;;;;;;;;;;;;333,35;;;16.800,26;;;;;;;;;;;;;;;;
;;;;;;;;;;;;;;;;;;;;;;;;;;;;;;;;;;;;;;;;;;;;
091;;;;;;;ABONO PERMANENCIA;;;;;;;;;;;;23;;;;;;;;;;;;;;;0,00;27.474,48;;;;;;;;;;;;;;;;
;;;;;;;;;;;;;;;;;;;;;;;;;;;;;;;;;;;;;;;;;;
093;;;;;;;GECP - LEI 2652/24;;;;;;;;;;;;40;;;;;;;;;;;;;;;0,00;158.342,80;;;Hora Extra;;;;;;;;;;;;;
;;;;;;;;;;;;;;;;;;;;;;;;;;;;;;;;;;;;;;;;;;
096;;;;;;;H_EXTRA 50% 180H;;;;;;;;;;;;92;;;;;;;;;;;4.889,00;;;;;176.452,87;;;;;;;;;;;;;;;;
;;;;;;;;;;;;;;;;;;;;;;;;;;;;;;;;;;;;;;;;;;;;;;
097;;;;;;;ADIC NOTURNO 150H;;;;;;;;;;;;92;;;;;;;;;;;7.168,00;;;;;68.521,56;;;;;;;;;;;;;;;;
;;;;;;;;;;;;;;;;;;;;;;;;;;;;;;;;;;;;;;;;;;;;;;
098;;;;;;;ADIC NOTURNO 180H;;;;;;;;;;;;12;;;;;;;;;;;;;630,00;;;3.486,31;;;;;;;;;;;;;;;;
;;;;;;;;;;;;;;;;;;;;;;;;;;;;;;;;;;;;;;;;;;;;
147;;;;;;;GRATIFICAÇĂO 2/3 RPPS;;;;;;;;;;;;5;;;;;;;;;;;;;333,35;;;19.304,64;;;;;;;;;;;;;;;;
;;;;;;;;;;;;;;;;;;;;;;;;;;;;;;;;;;;;;;;;;;;;
149;;;;;;;GRAT JUST ELEI RPPS;;;;;;;;;;;;4;;;;;;;;;;;;;200,00;;;10.719,17;;;;;;;;;;;;;;;;
;;;;;;;;;;;;;;;;;;;;;;;;;;;;;;;;;;;;;;;;;;;;
199;;;;;;;RISCO DE VIDA 40%;;;;;;;;;;;;15;;;;;;;;;;;;;600,00;;;23.427,65;;;;;;;;;;;;;;;;
;;;;;;;;;;;;;;;;;;;;;;;;;;;;;;;;;;;;;;;;;;;;
213;;;;;;;GRATIFICAÇĂO 2/3 INCORPORADA;;;;;;;;;;;;13;;;;;;;;;;;;;866,71;;;51.959,67;;;;;;;;;;;;;;;;
;;;;;;;;;;;;;;;;;;;;;;;;;;;;;;;;;;;;;;;;;;;;
223;;;;;;;GRAT AGENTE TRANSITO;;;;;;;;;;;;22;;;;;;;;;;;;;;;0,00;12.532,09;;;;;;;;;;;;;;;;
;;;;;;;;;;;;;;;;;;;;;;;;;;;;;;;;;;;;;;;;;;
248;;;;;;;ESTAB FINANCEIRA - DS3 (TJ-PE);;;;;;;;;;;;3;;;;;;;;;;;;;100,00;;;7.050,00;;;;;;;;;;;;;;;;
;;;;;;;;;;;;;;;;;;;;;;;;;;;;;;;;;;;;;;;;;;;;
250;;;;;;;ESTAB FINANCEIRA - DS2;;;;;;;;;;;;1;;;;;;;;;;;;;;;0,00;1.663,91;;;;;;;;;;;;;;;;
;;;;;;;;;;;;;;;;;;;;;;;;;;;;;;;;;;;;;;;;;;
256;;;;;;;EST GRAT MEMBRO LICITAÇĂO;;;;;;;;;;;;1;;;;;;;;;;;;;;;0,00;2.800,00;;;;;;;;;;;;;;;;
;;;;;;;;;;;;;;;;;;;;;;;;;;;;;;;;;;;;;;;;;;
;;;;;;;;;;;;;;;;;;;;;;;;;;;;;;;;;;;;;;;;;;;;;;;;;;;

;;;;;;;;;;;;;;;;;;;;;;;;;;;;;;;;;;;;;;;;;;;;;;;;;;;

Fiorilli S/C Software Ltda.;;;;;;;;;;; [65/danilo/GOIANA.SRV-006$] {7.1583.255.11.19633/R/19633};;;;;;;;;;;;;;;;;;;;;;;;;;;;;;;;;;;;;;;
;;;;PREFEITURA MUNICIPAL DE GOIANA;;;;;;;;;;;;;;;;;Męs/Ano;
;;;;;;;;;;;;;;;;;;;;
;;;;03/2026
;;;;AV MARECHAL DEODORO DA FONSECA, 01,  CENTRO. GOIANA-PE;;;;;;;;;;;;;;;;;
;;;
;;;;CNPJ: 10.150.043/0001-07;;;Folha Mensal;;;;;;;;;;;;;;
;;;
;;;;Página 3 de 9;;
;;

Resumo Contábil;;;;;;;;;;;;;;;;;;;
;;;;;;;;;;;;;;;;;;;;3/31/2026 1:00:07 PM;;;

;;;;;;;;;;;;;;;;;;;;;;;;
Vínculo: 30 - EFETIVO;;;;;;;;;;;;;;;;;;;;;;;;
258;;;ESTAB FINANCEIRA - CC3(TJ-PE);;;;;;1;;;0,00;;5.650,00;;;;;;;
271;;;GAFP - LEI 2506/22;;;;;;2;;;;;80,00;;;3.932,80;;;;;;;
;;;;;;;;;;;;;;;;;;;;;;
272;;;GOFP - LEI 2506/22;;;;;;2;;;;120,00;;;;7.150,60;;;;;;;
;;;;;;;;;;;;;;;;;;;;;;;
273;;;GSFP - LEI 2506/22;;;;;;1;;;;;60,00;;;4.575,02;;;;;;;
;;;;;;;;;;;;;;;;;;;;;;
274;;;GSTFP - LEI 2506/22;;;;;;1;;;;;60,00;;;3.388,90;;;;;;;
;;;;;;;;;;;;;;;;;;;;;;
275;;;GAFP - LEI 2604/2023 - 40%;;;;;;2;;;;;80,00;;;4.863,07;;;;;;;
;;;;;;;;;;;;;;;;;;;;;;
276;;;GAFP - LEI 2604/2023 - 60%;;;;;;2;;;;120,00;;;;5.665,81;;;;;;;
;;;;;;;;;;;;;;;;;;;;;;;
277;;;GOFP - LEI 2506/22;;;;;;2;;;;120,00;;;;6.850,54;;;;;;;
;;;;;;;;;;;;;;;;;;;;;;;
300;;;AUXILIO SAUDE - 2800/26;;;;;;340;;;;;;0,00;;170.000,00;;Auxílios;;;;;
;;;;;;;;;;;;;;;;;;;;;
367;;;PERICULOSIDADE;;;;;;3;;;;120,00;;;;2.899,89;;;;;;;
;;;;;;;;;;;;;;;;;;;;;;;
500;;;DIF SALARIO;;;;;;3;;;;;;0,00;;3.043,80;;;;;;;
;;;;;;;;;;;;;;;;;;;;;
501;;;DIF EVENTOS;;;;;;2;;;;;;0,00;;2.518,92;;;;;;;
;;;;;;;;;;;;;;;;;;;;;
521;;;REPRESENTAÇĂO - CC3;;;;;;4;;;;200,00;;;;11.300,00;;;;;;;
;;;;;;;;;;;;;;;;;;;;;;;
523;;;REPRESENTAÇĂO - CC5;;;;;;1;;;;;50,00;;;1.650,00;;;;;;;
;;;;;;;;;;;;;;;;;;;;;;
525;;;GECP1 20% LEI Nş 2.525/2022;;;;;;1;;;;;20,00;;;3.428,17;;;;;;;
;;;;;;;;;;;;;;;;;;;;;;
526;;;GECP2 10% LEI Nş 2.525/2022;;;;;;2;;;;;20,00;;;1.327,32;;;;;;;
;;;;;;;;;;;;;;;;;;;;;;
618;;;LIDER OPERACIONAL 30% - LEI 030/24;;;;;;2;;;;;60,00;;;5.313,80;;;;;;;
;;;;;;;;;;;;;;;;;;;;;;
681;;;GPA - LEI 2664/2024;;;;;;12;;;;;;0,00;;48.000,00;;;;;;;
;;;;;;;;;;;;;;;;;;;;;
682;;;GPF - LEI 2665/2024;;;;;;6;;;;;;0,00;;24.000,00;;;;;;;
;;;;;;;;;;;;;;;;;;;;;
683;;;GPA - LEI 2664/2024 - RPPS;;;;;;2;;;;;;0,00;;8.000,00;;;;;;;
;;;;;;;;;;;;;;;;;;;;;
711;;;GECEP - LEI COMP 30/24;;;;;;10;;;;;;0,00;;8.400,00;;Hora Extra;;;;;
;;;;;;;;;;;;;;;;;;;;;
712;;;MOTORISTA VIGILANTE LEI COMP 30/24;;;;;;1;;;;;10,00;;;843,46;;;;;;;
;;;;;;;;;;;;;;;;;;;;;;
744;;;ATA LEI 2.793/2026;;;;;;5;;;;125,00;;;;22.557,63;;;;;;;
;;;;;;;;;;;;;;;;;;;;;;;
745;;;ATA LEI 2.794/2026;;;;;;2;;;;;50,00;;;7.650,00;;;;;;;
;;;;;;;;;;;;;;;;;;;;;;
747;;;COMANDANTE OPERACIONAL LEI 2796/027;;;;;;1;;;;;;0,00;;3.750,00;;;;;;;
;;;;;;;;;;;;;;;;;;;;;
748;;;COMANDANTE ADMINISTRATIVO LEI2796/2026;;;;;;1;;;;;;0,00;;3.750,00;;;;;;;
;;;;;;;;;;;;;;;;;;;;;
749;;;SUPERVISOR DE SEGURANÇA LEI 2796/2026;;;;;;2;;;;;;0,00;;6.600,00;;;;;;;
;;;;;;;;;;;;;;;;;;;;;
750;;;LIDER OPERACIONAL LEI 2796/2026;;;;;;8;;;;;;0,00;;16.000,00;;;;;;;
;;;;;;;;;;;;;;;;;;;;;
751;;;GRT LEI 2794/2026;;;;;;2;;;;100,00;;;;15.300,00;;;;;;;
;;;;;;;;;;;;;;;;;;;;;;;
752;;;SATE LEI 2794/2026;;;;;;2;;;;;50,00;;;7.650,00;;;;;;;
;;;;;;;;;;;;;;;;;;;;;;
753;;;GRJ LEI 2793/2026;;;;;;3;;;;150,00;;;;24.023,42;;;;;;;
;;;;;;;;;;;;;;;;;;;;;;;
755;;;SATE LEI 2793/2026;;;;;;3;;;;;75,00;;;12.011,71;;;;;;;
;;;;;;;;;;;;;;;;;;;;;;
757;;;DIF GRAT GRJ;;;;;;3;;;;;;0,00;;12.023,84;;;;;;;
;;;;;;;;;;;;;;;;;;;;;
758;;;DIF GRAT SATE;;;;;;5;;;;;;0,00;;16.544,32;;;;;;;
;;;;;;;;;;;;;;;;;;;;;
759;;;DIF GRAT GRT;;;;;;2;;;;;;0,00;;1.646,00;;;;;;;
;;;;;;;;;;;;;;;;;;;;;
904;;;SALARIO FAMILIA;;;;;;2;;;;;;4,00;;248,16;;Salário Família;;;;;
;;;;;;;;;;;;;;;;;;;;;
908;;;1/3 FERIAS;;;;;;11;;;;330,00;;;;29.737,04;;;;;;;
;;;;;;;;;;;;;;;;;;;;;;;
917;;;AFASTADO AUX.DOENCA;;;;;;3;;;;;70,00;;;8.358,77;;;;;;;
;;;;;;;;;;;;;;;;;;;;;;
918;;;ESTOURO NO MES;;;;;;1;;;;;;1,00;;202,01;;;;;;;
;;;;;;;;;;;;;;;;;;;;;
;;Resumo de Proventos por Classificaçăo;;;;;;;;;;;;;;;;;;;;;;;
;;;;;;;;;;;;;;;;;
;Sem classificaçăo;;;;;;;;;23.346,41;;;;;1.250.153,34;;
;Hora Extra;;;;;;;;;0,00;;;;;166.742,80;;
;Salário Família;;;;;;;;;4,00;;;;;248,16;;
;Auxílios;;;;;;;;;0,00;;;;;170.000,00;;
;Salário Base;;;;;;;;;10.220,00;;;;;1.769.489,14;;
;Total;;;;;;;;;33.570,41;;;;;3.356.633,44;;
;;;;;;;;;;;;;;;;;
;
;;;;;;;;;;;;;;;;;;;;;;;;

Descontos;;;;;;;;;;;;;;;;;;;;;;;;
Evento;;;Descriçăo;;;;;;Qtde.;;;Refer.;;;;;Valor;;Classificaçăo contábil;;;;;
017;;;SINSEPUMG 3%;;;;;;115;;;345,00;;;;16.088,76;;;;;;;
;;;;;;;;;;;;;;;;;;;;;;;;
035;;;PENSAO ALIMENTICIA(BASE);;;;;;2;;;0,00;;1.422,10;;;;;;;
;;;;;;;;;;;;;;;;;;;;;;;;
037;;;FALTA NAO JUSTIFICADA;;;;;;5;;;96,00;;;7.719,36;;;;;;;
;;;;;;;;;;;;;;;;;;;;;;;;
042;;;PENSĂO ALIMENTICIA(MINIMO);;;;;;3;;;86,60;;;1.403,79;;;;;;;
;;;;;;;;;;;;;;;;;;;;;;;;
043;;;PENSAO ALIMENTICIA(MINIMO)II;;;;;;1;;;20,00;;;324,20;;;;;;;
;;;;;;;;;;;;;;;;;;;;;;;;
049;;;SINPROMG;;;;;;1;;;1,50;;80,69;;;;;;;
;;;;;;;;;;;;;;;;;;;;;;;;
201;;;DEVOLUÇĂO A PMG;;;;;;5;;;27,00;;;12.457,72;;;;;;;
;;;;;;;;;;;;;;;;;;;;;;;;
315;;;BANCO GERADOR;;;;;;39;;;0,00;;6.410,64;;;;;;;
;;;;;;;;;;;;;;;;;;;;;;;;
399;;;PENSAO ALIMENTICIA(BRUTO);;;;;;1;;;0,00;;375,47;;;;;;;
;;;;;;;;;;;;;;;;;;;;;;;;
400;;;PENSAO ALIMENTICIA(LIQUIDO)I;;;;;;11;;;0,00;;11.993,79;;;;;;;
;;;;;;;;;;;;;;;;;;;;;;;;

;;;;;;;;;;;;;;;;;;;;;;;;

Fiorilli S/C Software Ltda.;;;;;; [65/danilo/GOIANA.SRV-006$] {7.1583.255.11.19633/R/19633};;;;;;;;;;;;;;;;;
;;;;PREFEITURA MUNICIPAL DE GOIANA;;;;;;;;;;;;;;;;;;;Męs/Ano;
;;;;;;;;;;;;;;;;;;;;;;
;;;;03/2026
;;;;AV MARECHAL DEODORO DA FONSECA, 01,  CENTRO. GOIANA-PE;;;;;;;;;;;;;;;;;;;
;;;
;;;;CNPJ: 10.150.043/0001-07;;;;;Folha Mensal;;;;;;;;;;;;;;;
;;;
;;;;Página 4 de 9;;;
;;;

Resumo Contábil;;;;;;;;;;;;;;;;;;;;;
;;;;;;;;;;;;;;;;;;;;;;3/31/2026 1:00:07 PM;;;;

;;;;;;;;;;;;;;;;;;;;;;;;;;;
Vínculo: 30 - EFETIVO;;;;;;;;;;;;;;;;;;;;;;;;;;;
401;;;PENSAO ALIMENTICIA(LIQUIDO)II;;;;;;;;3;;;0,00;;2.691,13;;;;;;;;
;;;;;;;;;;;;;;;;;;;;;;;;;;;
600;;;CONSIGNADO CEF I;;;;;;;;94;;;0,00;;46.786,21;;;;;;;;
;;;;;;;;;;;;;;;;;;;;;;;;;;;
601;;;CONSIGNADO CEF II;;;;;;;;62;;;0,00;;17.604,01;;;;;;;;
;;;;;;;;;;;;;;;;;;;;;;;;;;;
602;;;CONSIGNADO CEF III;;;;;;;;43;;;0,00;;16.448,10;;;;;;;;
;;;;;;;;;;;;;;;;;;;;;;;;;;;
603;;;CONSIGNADO CEF IV;;;;;;;;32;;;0,00;;17.903,79;;;;;;;;
;;;;;;;;;;;;;;;;;;;;;;;;;;;
604;;;CONSIGNADO CEF V;;;;;;;;18;;;0,00;;6.413,63;;;;;;;;
;;;;;;;;;;;;;;;;;;;;;;;;;;;
610;;;CONSIGNADO BRADESCO I;;;;;;;;134;;;0,00;;82.347,36;;;;;;;;
;;;;;;;;;;;;;;;;;;;;;;;;;;;
611;;;CONSIGNADO BRADESCO II;;;;;;;;89;;;0,00;;32.533,93;;;;;;;;
;;;;;;;;;;;;;;;;;;;;;;;;;;;
612;;;CONSIGNADO BRADESCO III;;;;;;;;58;;;0,00;;20.826,66;;;;;;;;
;;;;;;;;;;;;;;;;;;;;;;;;;;;
613;;;CONSIGNADO BRADESCO IV;;;;;;;;32;;;0,00;;10.091,79;;;;;;;;
;;;;;;;;;;;;;;;;;;;;;;;;;;;
614;;;CONSIGNADO BRADESCO V;;;;;;;;27;;;0,00;;14.390,65;;;;;;;;
;;;;;;;;;;;;;;;;;;;;;;;;;;;
622;;;PENSAO ALIMENTICIA(LIQUIDO) S/FERIAS;;;;;;;;1;;;0,00;;1.104,12;;;;;;;;
;;;;;;;;;;;;;;;;;;;;;;;;;;;
630;;;CONSIGNADO BB I;;;;;;;;12;;;0,00;;7.996,97;;;;;;;;
;;;;;;;;;;;;;;;;;;;;;;;;;;;
631;;;CONSIGNADO BB II;;;;;;;;4;;;0,00;;2.008,41;;;;;;;;
;;;;;;;;;;;;;;;;;;;;;;;;;;;
632;;;CONSIGNADO BB III;;;;;;;;3;;;0,00;;4.591,18;;;;;;;;
;;;;;;;;;;;;;;;;;;;;;;;;;;;
633;;;CONSIGNADO BB IV;;;;;;;;3;;;0,00;;579,66;;;;;;;;
;;;;;;;;;;;;;;;;;;;;;;;;;;;
640;;;CONSIGNADO SANTANDER I;;;;;;;;2;;;0,00;;864,16;;;;;;;;
;;;;;;;;;;;;;;;;;;;;;;;;;;;
899;;;IRRF - SALARIO;;;;;;;;7;;;168,00;;;1.752,10;;;;;;;;
;;;;;;;;;;;;;;;;;;;;;;;;;;;
920;;;IRRF - SALARIO;;;;;;;;240;;;6.530,00;;;;403.894,90;;;;;;;;
;;;;;;;;;;;;;;;;;;;;;;;;;;;
928;;;ESTOURO MES ANTERIOR;;;;;;;;1;;;0,00;;202,01;;;;;;;;
;;;;;;;;;;;;;;;;;;;;;;;;;;;
942;;;GOIANAPREVI;;;;;;;;340;;;4.760,00;;;;334.899,23;;;;;;;;
;;;;;;;;;;;;;;;;;;;;;;;;;;;
;Resumo de Descontos por Classificaçăo;;;;;;;;;;;;;;;;;;
;Sem classificaçăo;;;;;;;;;;;12.034,10;;;;;1.084.206,52;;
;;;;;;;;;;;;;;;;;;;
;Total;;;;;;;;;;;12.034,10;;;;;1.084.206,52;;
;
;;;;;;;;;;;;;;;;;;;;;;;;;;;

Contribuiçăo Previdenciária do Segurado por Vínculo;;;;;;;;;;;;;;;;;;;;;;;;;;;
Vínculo;;;;;;;;;;;;;;;;;;;;;;;;Valor;;;
30 - EFETIVO;;;;;;;;;;;;;;;;;;;;;;;;334.899,23;;;
Total;;;;;;;;;;;;;;;;;;;;;;;;334.899,23;;;

Base de I.R.R.F.;;;;;;2.955.113,28;;;Base de Previdęncia Total;;;;;;;;;;;;;;2.393.698,92;;;
Base de F.G.T.S.;;;;;;0,00;;;Base de Previdęncia por Vínculo;;;;;;;;;;;;;;Valor;;;
30 - EFETIVO;;;;;;;;;;;;;;2.393.698,92;;
;;;;;;;;;;;;;;;;;

;;;;;;;;;;;;;;;;;;;;;;;;;;;

Fiorilli S/C Software Ltda.;;;;;;; [65/danilo/GOIANA.SRV-006$] {7.1583.255.11.19633/R/19633};;;;;;;;;;;;;;;;;;;
;;;;;;;;;PREFEITURA MUNICIPAL DE GOIANA;;;;;;;;;;;;;;;;;;;;;;;;;;;;;;;;;;;;;;Męs/Ano;;;
;;;;;;;;;;;;;;;;;;;;;;;;;;;;;;;;;;;;;;;;;;;;;;
;;;;;;;;;03/2026;;
;;;;;;;;;AV MARECHAL DEODORO DA FONSECA, 01,  CENTRO. GOIANA-PE;;;;;;;;;;;;;;;;;;;;;;;;;;;;;;;;;;;;;;;;
;;;;;;;;
;;;;;;;;;CNPJ: 10.150.043/0001-07;;;;;;;;;Folha Mensal;;;;;;;;;;;;;;;;;;;;;;;;;;;;;;;;;
;;;;;;;;
;;;;;;;;;Página 5 de 9;;;;;;;;;
;;;;;;;;;

Resumo Contábil;;;;;;;;;;;;;;;;;;;;;;;;;;;;;;;;;;;;;;;;;;;;;
;;;;;;;;;;;;;;;;;;;;;;;;;;;;;;;;;;;;;;;;;;;;;;3/31/2026 1:00:07 PM;;;;;;;;;;

;;;;;;;;;;;;;;;;;;;;;;;;;;;;;;;;;;;;;;;;;;;;;;;;;;;;;;;;;
Vínculo: 35 - COMISSIONADOS;;;;;;;;;;;;;;;;;;;;;;;;;;;;;;;;;;;;;;;;;;;;;;;;;;;;;;;;;
;;Total de Vencimentos;;;;;;;;;;;;;;2.290.493,39;;;;;;;;;;;;;;;;;;;;;;;;;;;;;;;;;;;;;;;;;;
;;;;;;;;;;;;;;;;;;;;;;;;;;;
;;;;;;;;;;;;;;;;;;;;;;;;;;;Total a Empenhar;;;;;;;;;;;;;;;;;;;;;;;;;;
;Salário Família;;;;;;;;;;;;;0,00;;;;;;;;;;;;;;;;;;;;;;;;;;;;;;;;;;;;;;;
;;;;;;;;;;;;;;;;;;;;;;;;;;;Total de Proventos;;;;;;;;;;2.293.493,39 (+);;;;;;;;;;;;
;Outras Deduçőes;;;;;;;;;;;;;0,00;;;;;;;;;;;;;;;;;;;;;;;;;;;;;;;;;;;
;;;;;;;;;;;;;;;;;;;;;;;;;;;Total Patronal;;;;;;;;;;389.893,87 (+);;;;;;;;;;;;
;Horas Extras (3.1.90.16);;;;;;;;;;;;;0,00;;;;;;;;;;;;;;;;;;;;;;;;;;;;;;;;;;;
;;;;;;;;;;;;;;;;;;;;;;;;;;;FGTS a Recolher;;;;;;;;;;0,00 (+);;;;;;;;;;;;
;Bolsa de Estudo (3.3.90.18);;;;;;;;;;;;;0,00;;;;;;;;;;;;;;;;;;;;;;;;;;;;;;;;;;;
;;;;;;;;;;;;;;;;;;;;;;;;;;;Total de Vantagens;;;;;;;;;;0,00 (+);;;;;;;;;;;;
;Despesa/Receita.Extra (PASEP,...);;;;;;;;;;;;;0,00;;;;;;;;;;;;;;;;;;;;;;;;;;;;;;;;;;;
;;;;;;;;;;;;;;;;;;;;;;;;;;;Deduçăo de Maternidade;;;;;;;;;;0,00 (-);;;;;;;;;;;;
;Sal. Maternidade;;;;;;;;;;;;;3.000,00;;;;;;;;;;;;;;;;;;;;;;;;;;;;;;;;;;;
;;;;;;;;;;;;;;;;;;;;;;;;;;;Deduçăo de Salário Família;;;;;;;;;;0,00 (-);;;;;;;;;;;;
;Beneficios Assistenciais;;;;;;;;;;;;;0,00;;;;;;;;;;;;;;;;;;;;;;;;;;;;;;;;;;;
;;;;;;;;;;;;;;;;;;;;;;;;;;;2.683.387,26 ;;;;;;;;;;;;;;;;;;;;;;
;;;;;;;;;;;;;;;;;;;;;;;;
;Total Bruto;;;;;;;;;;;;;2.293.493,39;;;;;;;;;;;
;;;;;;;;;;;;;;;;;;;;;;;;Total de Descontos;;;;;;;;;;;;;;;;;;;;;;;;;;;
;Total de Descontos;;;;;;;;;;;;;419.545,12;;;;;;;;;;;;;;;;;;;;;;;;;;;;;;;;;;;;;;;
;;;;;;;;;;;;;;;;;;;;;;;;;;;Total de Descontos;;;;;;;;;;419.545,12 (+);;;;;;;;;;;;
;Total Líquido;;;;;;;;;;;;;1.873.948,27;;;;;;;;;;;;;;;;;;;;;;;;;;;;;;;;;;;
;;;;;;;;;;;;;;;;;;;;;;;;;;;Deduçăo de Maternidade;;;;;;;;;;0,00 (+);;;;;;;;;;;;
;FGTS a Recolher;;;;;;;;;;;;;0,00;;;;;;;;;;;;;;;;;;;;;;;;;;;;;;;;;;;
;;;;;;;;;;;;;;;;;;;;;;;;;;;Deduçăo de Salário Família;;;;;;;;;;0,00 (+);;;;;;;;;;;;
;;Valor Ref. a 13ş Salário;;;;;;;;0,00;;;;;;;;;;;;;;;;;;;;;;;;;;
;;;;;;;;;;;;;;419.545,12;;;;;;;;;;;;;;;;;;;;;;
;;;;;;;;;;;;;;;;;;;;;;;;;;;;;;;;;;;;;;
;;;;;;;;;;;;;;;;;;;;;;;;;;;;;;;;;;;;
;;Valores Sem 13ş Salário;;;;;;;;0,00;;;;;;;;;;;;;;;;;;;;;;;;;;
;;;;;;;;;;;;;;
;;;;;;;;;;;;;;;;
;;;;;;;;;;;;;
;;
;;;;;;;;;;;;;;;;;;;;;;;;;;;;;;;;;;;;;;;;;;;;;;;;;;;;;;;;;

Patronal;;;;;;;;;;;;;;;;;;;;;;;;;;;;;;;;;;;;;;;;;;;;;;;;;;;;;;;;;
;;;;;;;;;;;;;;;;;;;;;;;Bruto;;;;;;;;;;Deduçőes;;;;;;;;;;;;;;;;;;Líquido;;;;;;
;;;;;;;;;;;;;;;;;;;;;;;;;;;;;;;;;;;;;;;;;;;;;;;;;;;;;;;;;;
;;;;;;;;;;;;;;;;;;;;;;;;;;;;;;;;;;;;;;;;;;;;;;;;;;;;;;;;;;
;;;;;;;;;;;;;;;;;;;;;;;;;;;;;;;;;;;;;;;;;;;;;;;;;;;;;;;;;;
;;;;;;;;;;;;;;;;;;;;PatronalBruto;;;;;;;;;;SalárioFamília;;;;;;;;;;;SalárioMaternidade;;;OutrasDeduçőes;;;;;PatronalLíquido;;;;;;;;;
Vínculo;;;;;;;;;;;;;;;;;;;;;;;;;;;;;;;;;;;;;;;;;;;;;;;;;;;;;;;;;;
35;;;;;;;COMISSIONADOS;;;;;;;;;;;;;389.893,87;;;;;;;;;;0,00;;;;;;;;;;;0,00;;;0,00;;;;;389.893,87;;;;;;;;
;;;;;;;;;;;;;;;;;;;;;;;;;;;;;;;;;;;;;;;;;;;;;;;;;;;;;;;;;
Total;;;;;;;;;;;;;;;;;;;;389.893,87;;;;;;;;;;0,00;;;;;;;;;;;0,00;;;0,00;;;;;389.893,87;;;;;;;;

Funcionários;;;;;;;;;;;;;;;;;;;;;;;;;;;;;;;;;;;;;;;;;;;;;;;;;;;;;;;;;
Situaçăo;;;;;;;;;;;;;;;;;;;;;;;;;;;;;;;;;;;;;;;;;;;;;;;;;;;;;Quantidade;;;;
01 - Normal;;;;;;;;;;;;;;;;;;;;;;;;;;;;;;;;;;;;;;;;;;;;;;;;;;;;;443;;;;
95 - Afastamento por Licença Maternidade/Paternidade;;;;;;;;;;;;;;;;;;;;;;;;;;;;;;;;;;;;;;;;;;;;;;;;;;;;;1;;;;
Total;;;;;;;;;;;;;;;;;;;;;;;;;;;;;;;;;;;;;;;;;;;;;;;;;;;;;444;;;;
;;;;;;;;;;;;;;;;;;;;;;;;;;;;;;;;;;;;;;;;;;;;;;;;;;;;;;;;;
Quantidade de trabalhadores processados;;;;;;;;;;;;;;;;;;;;;;;;;;;;;;;;;;;;;;;;;;;;;;;;;;;;;444;;;;

Proventos;;;;;;;;;;;;;;;;;;;;;;;;;;;;;;;;;;;;;;;;;;;;;;;;;;;;;;;;;
Evento;;;;;;;;Descriçăo;;;;;;;;;;;;;;Qtde.;;;;;;;Refer.;;;;;;;;;;Valor;;;;Classificaçăo contábil;;;;;;;;;;;;;;
001;;;;;;;;SALARIO BASE;;;;;;;;;;;;;;443;;;;;;;13.228,00;;;;;;;2.277.395,05;;;;Salário Base;;;;;;;;;;;;;;
460;;;;;;;;SALARIO  ATRAZADO;;;;;;;;;;;;;;2;;;;;;;;;;;;;;;0,00;;13.098,34;;;;;;;;;;;;;;;;;;
;;;;;;;;;;;;;;;;;;;;;;;;;;;;;;;;;;;;;;;;;;;;;;;;;
948;;;;;;;;_SALARIO MATERNIDADE;;;;;;;;;;;;;;1;;;;;;;;;;;;;;;9,00;;3.000,00;;;;Salário Maternidade;;;;;;;;;;;;;;
;;;;;;;;;;;;;;;;;;;;;;;;;;;;;;;;;;;;;;;;;;;;;;;;;
;;;;;Resumo de Proventos por Classificaçăo;;;;;;;;;;;;;;;;;;;;;;;;;;;;;;;;;;;;;;;;;;;;;;;;;;;;;
;;;;;;;;;;;;;;;;;;;;;;;;;;;;;;;;;;;;;;
;Sem classificaçăo;;;;;;;;;;;;;;;;;;;;;;0,00;;;;;;;;;;;13.098,34;;;;
;Salário Maternidade;;;;;;;;;;;;;;;;;;;;;;9,00;;;;;;;;;;;3.000,00;;;;
;Salário Base;;;;;;;;;;;;;;;;;;;;;;13.228,00;;;;;;;;;;;2.277.395,05;;;;
;Total;;;;;;;;;;;;;;;;;;;;;;13.237,00;;;;;;;;;;;2.293.493,39;;;;
;;;;;;;;;;;;;;;;;;;;;;;;;;;;;;;;;;;;;;
;
;;;;;;;;;;;;;;;;;;;;;;;;;;;;;;;;;;;;;;;;;;;;;;;;;;;;;;;;;

Descontos;;;;;;;;;;;;;;;;;;;;;;;;;;;;;;;;;;;;;;;;;;;;;;;;;;;;;;;;;
Evento;;;;;;;;Descriçăo;;;;;;;;;;;;;;Qtde.;;;;;;;Refer.;;;;;;;;;;Valor;;;;Classificaçăo contábil;;;;;;;;;;;;;;
018;;;;;;;;DESCONTO JUDICIAL;;;;;;;;;;;;;;1;;;;;;;0,00;;495,00;;;;;;;;;;;;;;;;;;
;;;;;;;;;;;;;;;;;;;;;;;;;;;;;;;;;;;;;;;;;;;;;;;;;;;;;;;;;
035;;;;;;;;PENSAO ALIMENTICIA(BASE);;;;;;;;;;;;;;1;;;;;;;0,00;;750,00;;;;;;;;;;;;;;;;;;
;;;;;;;;;;;;;;;;;;;;;;;;;;;;;;;;;;;;;;;;;;;;;;;;;;;;;;;;;
505;;;;;;;;DESC DE INFRAÇĂO DE TRANSITO;;;;;;;;;;;;;;1;;;;;;;0,00;;104,13;;;;;;;;;;;;;;;;;;
;;;;;;;;;;;;;;;;;;;;;;;;;;;;;;;;;;;;;;;;;;;;;;;;;;;;;;;;;
649;;;;;;;;DESCONTO JUDICIAL - BRUTO;;;;;;;;;;;;;;1;;;;;;;15,00;;;495,00;;;;;;;;;;;;;;;;;;
;;;;;;;;;;;;;;;;;;;;;;;;;;;;;;;;;;;;;;;;;;;;;;;;;;;;;;;;;
919;;;;;;;;PREVIDENCIA - INSS;;;;;;;;;;;;;;443;;;;;;;4.192,48;;;;;208.947,23;;;;;;;;;;;;;;;;;;
;;;;;;;;;;;;;;;;;;;;;;;;;;;;;;;;;;;;;;;;;;;;;;;;;;;;;;;;;
920;;;;;;;;IRRF - SALARIO;;;;;;;;;;;;;;180;;;;;;;4.950,00;;;;;208.753,76;;;;;;;;;;;;;;;;;;
;;;;;;;;;;;;;;;;;;;;;;;;;;;;;;;;;;;;;;;;;;;;;;;;;;;;;;;;;
;Resumo de Descontos por Classificaçăo;;;;;;;;;;;;;;;;;;;;;;;;;;;;;;;;;;;;;
;Sem classificaçăo;;;;;;;;;;;;;;;;;;;;;;9.157,48;;;;;;;;;;;419.545,12;;;;
;;;;;;;;;;;;;;;;;;;;;;;;;;;;;;;;;;;;;;
;Total;;;;;;;;;;;;;;;;;;;;;;9.157,48;;;;;;;;;;;419.545,12;;;;
;
;;;;;;;;;;;;;;;;;;;;;;;;;;;;;;;;;;;;;;;;;;;;;;;;;;;;;;;;;

Contribuiçăo Previdenciária do Segurado por Vínculo;;;;;;;;;;;;;;;;;;;;;;;;;;;;;;;;;;;;;;;;;;;;;;;;;;;;;;;;;
Vínculo;;;;;;;;;;;;;;;;;;;;;;;;;;;;;;;;;;;;;;;;;;;;;;;;Valor;;;;;;;;;
35 - COMISSIONADOS;;;;;;;;;;;;;;;;;;;;;;;;;;;;;;;;;;;;;;;;;;;;;;;;208.947,23;;;;;;;;;
Total;;;;;;;;;;;;;;;;;;;;;;;;;;;;;;;;;;;;;;;;;;;;;;;;208.947,23;;;;;;;;;

Base de I.R.R.F.;;;;;;;;;;;2.292.998,39;;;;;;Base de Previdęncia Total;;;;;;;;;;;;;;;;;;;;;;;;;;;;;2.293.493,39;;;;;;;;;
Base de F.G.T.S.;;;;;;;;;;;0,00;;;;;;Base de Previdęncia por Vínculo;;;;;;;;;;;;;;;;;;;;;;;;;;;;;Valor;;;;;;;;;
35 - COMISSIONADOS;;;;;;;;;;;;;;;;;;;;;;;;;;;;;2.293.493,39;;;;;
;;;;;;;;;;;;;;;;;;;;;;;;;;;;;;;;;;;;;;

;;;;;;;;;;;;;;;;;;;;;;;;;;;;;;;;;;;;;;;;;;;;;;;;;;;;;;;;;

Fiorilli S/C Software Ltda.;;;;;;;;;;;;; [65/danilo/GOIANA.SRV-006$] {7.1583.255.11.19633/R/19633};;;;;;;;;;;;;;;;;;;;;;;;;;;;;;;;;;;;;;;;;;;
;;;;;;;;;PREFEITURA MUNICIPAL DE GOIANA;;;;;;;;;;;;;;;;;;;;;;;;;;;;;;;;;;Męs/Ano;;;
;;;;;;;;;;;;;;;;;;;;;;;;;;;;;;;;;;;;;;;;;;
;;;;;;;;;03/2026;;
;;;;;;;;;AV MARECHAL DEODORO DA FONSECA, 01,  CENTRO. GOIANA-PE;;;;;;;;;;;;;;;;;;;;;;;;;;;;;;;;;;;;
;;;;;;;;
;;;;;;;;;CNPJ: 10.150.043/0001-07;;;;;;Folha Mensal;;;;;;;;;;;;;;;;;;;;;;;;;;;;;;;
;;;;;;;;
;;;;;;;;;Página 6 de 9;;;;;;;;
;;;;;;;;

Resumo Contábil;;;;;;;;;;;;;;;;;;;;;;;;;;;;;;;;;;;;;;;;;
;;;;;;;;;;;;;;;;;;;;;;;;;;;;;;;;;;;;;;;;;;3/31/2026 1:00:07 PM;;;;;;;;;

;;;;;;;;;;;;;;;;;;;;;;;;;;;;;;;;;;;;;;;;;;;;;;;;;;;;
Vínculo: 60 - CLT;;;;;;;;;;;;;;;;;;;;;;;;;;;;;;;;;;;;;;;;;;;;;;;;;;;;
;;Total de Vencimentos;;;;;;;;;;;;;19.042,06;;;;;;;;;;;;;;;;;;;;;;;;;;;;;;;;;;;;;;
;;;;;;;;;;;;;;;;;;;;;;;;
;;;;;;;;;;;;;;;;;;;;;;;;Total a Empenhar;;;;;;;;;;;;;;;;;;;;;;;;
;Salário Família;;;;;;;;;;;;0,00;;;;;;;;;;;;;;;;;;;;;;;;;;;;;;;;;;;
;;;;;;;;;;;;;;;;;;;;;;;;Total de Proventos;;;;;;;;;;;19.042,06 (+);;;;;;;;;;;
;Outras Deduçőes;;;;;;;;;;;;0,00;;;;;;;;;;;;;;;;;;;;;;;;;;;;;;;;;
;;;;;;;;;;;;;;;;;;;;;;;;Total Patronal;;;;;;;;;;;2.300,20 (+);;;;;;;;;;;
;Horas Extras (3.1.90.16);;;;;;;;;;;;0,00;;;;;;;;;;;;;;;;;;;;;;;;;;;;;;;;;
;;;;;;;;;;;;;;;;;;;;;;;;FGTS a Recolher;;;;;;;;;;;1.292,71 (+);;;;;;;;;;;
;Bolsa de Estudo (3.3.90.18);;;;;;;;;;;;0,00;;;;;;;;;;;;;;;;;;;;;;;;;;;;;;;;;
;;;;;;;;;;;;;;;;;;;;;;;;Total de Vantagens;;;;;;;;;;;0,00 (+);;;;;;;;;;;
;Despesa/Receita.Extra (PASEP,...);;;;;;;;;;;;0,00;;;;;;;;;;;;;;;;;;;;;;;;;;;;;;;;;
;;;;;;;;;;;;;;;;;;;;;;;;Deduçăo de Maternidade;;;;;;;;;;;0,00 (-);;;;;;;;;;;
;Sal. Maternidade;;;;;;;;;;;;0,00;;;;;;;;;;;;;;;;;;;;;;;;;;;;;;;;;
;;;;;;;;;;;;;;;;;;;;;;;;Deduçăo de Salário Família;;;;;;;;;;;0,00 (-);;;;;;;;;;;
;Beneficios Assistenciais;;;;;;;;;;;;0,00;;;;;;;;;;;;;;;;;;;;;;;;;;;;;;;;;
;;;;;;;;;;;;;;;;;;;;;;;;22.634,97 ;;;;;;;;;;;;;;;;;;;;;;
;;;;;;;;;;;;;;;;;;;;;;;;
;Total Bruto;;;;;;;;;;;;19.042,06;;;;;;;;
;;;;;;;;;;;;;;;;;;;;Total de Descontos;;;;;;;;;;;;;;;;;;;;;;;;;
;Total de Descontos;;;;;;;;;;;;7.889,59;;;;;;;;;;;;;;;;;;;;;;;;;;;;;;;;;;;
;;;;;;;;;;;;;;;;;;;;;;;;Total de Descontos;;;;;;;;;;;7.889,59 (+);;;;;;;;;;;
;Total Líquido;;;;;;;;;;;;11.152,47;;;;;;;;;;;;;;;;;;;;;;;;;;;;;;;;;
;;;;;;;;;;;;;;;;;;;;;;;;Deduçăo de Maternidade;;;;;;;;;;;0,00 (+);;;;;;;;;;;
;FGTS a Recolher;;;;;;;;;;;;1.292,71;;;;;;;;;;;;;;;;;;;;;;;;;;;;;;;;;
;;;;;;;;;;;;;;;;;;;;;;;;Deduçăo de Salário Família;;;;;;;;;;;0,00 (+);;;;;;;;;;;
;;Valor Ref. a 13ş Salário;;;;;;;0,00;;;;;;;;;;;;;;;;;;;;;;;;;;
;;;;;;;;;;;;;7.889,59;;;;;;;;;;;;;;;;;;;;;;
;;;;;;;;;;;;;;;;;;;;;;;;;;;;;;;;;;;;;
;;;;;;;;;;;;;;;;;;;;;;;;;;;;;;;;;;;
;;Valores Sem 13ş Salário;;;;;;;1.292,71;;;;;;;;;;;;;;;;;;;;;;;;;;;;
;;;;;;;;;;;;;;;
;;;;;;;;;;;;;;;;;
;;;;;;;;;;;;;;
;;
;;;;;;;;;;;;;;;;;;;;;;;;;;;;;;;;;;;;;;;;;;;;;;;;;;;;

Patronal;;;;;;;;;;;;;;;;;;;;;;;;;;;;;;;;;;;;;;;;;;;;;;;;;;;;
;;;;;;;;;;;;;;;;;;;;Bruto;;;;;;;;;Deduçőes;;;;;;;;;;;;;;;;;;Líquido;;;;;
;;;;;;;;;;;;;;;;;;;;;;;;;;;;;;;;;;;;;;;;;;;;;;;;;;;;;
;;;;;;;;;;;;;;;;;;;;;;;;;;;;;;;;;;;;;;;;;;;;;;;;;;;;;
;;;;;;;;;;;;;;;;;;;;;;;;;;;;;;;;;;;;;;;;;;;;;;;;;;;;;
;;;;;;;;;;;;;;;;;PatronalBruto;;;;;;;;;;SalárioFamília;;;;;;;;;;SalárioMaternidade;;;OutrasDeduçőes;;;;;PatronalLíquido;;;;;;;;
Vínculo;;;;;;;;;;;;;;;;;;;;;;;;;;;;;;;;;;;;;;;;;;;;;;;;;;;;;
60;;;;;;;CLT;;;;;;;;;;2.300,20;;;;;;;;;;0,00;;;;;;;;;;0,00;;;0,00;;;;;2.300,20;;;;;;;
;;;;;;;;;;;;;;;;;;;;;;;;;;;;;;;;;;;;;;;;;;;;;;;;;;;;
Total;;;;;;;;;;;;;;;;;2.300,20;;;;;;;;;;0,00;;;;;;;;;;0,00;;;0,00;;;;;2.300,20;;;;;;;

Funcionários;;;;;;;;;;;;;;;;;;;;;;;;;;;;;;;;;;;;;;;;;;;;;;;;;;;;
Situaçăo;;;;;;;;;;;;;;;;;;;;;;;;;;;;;;;;;;;;;;;;;;;;;;;;Quantidade;;;;
01 - Normal;;;;;;;;;;;;;;;;;;;;;;;;;;;;;;;;;;;;;;;;;;;;;;;;5;;;;
Total;;;;;;;;;;;;;;;;;;;;;;;;;;;;;;;;;;;;;;;;;;;;;;;;5;;;;
;;;;;;;;;;;;;;;;;;;;;;;;;;;;;;;;;;;;;;;;;;;;;;;;;;;;
Quantidade de trabalhadores processados;;;;;;;;;;;;;;;;;;;;;;;;;;;;;;;;;;;;;;;;;;;;;;;;5;;;;

Proventos;;;;;;;;;;;;;;;;;;;;;;;;;;;;;;;;;;;;;;;;;;;;;;;;;;;;
Evento;;;;;;;;Descriçăo;;;;;;;;;;;Qtde.;;;;;;;Refer.;;;;;;;;;Valor;;;;Classificaçăo contábil;;;;;;;;;;;;;
028;;;;;;;;RISCO DE VIDA 20%;;;;;;;;;;;1;;;;;;;20,00;;;883,11;;;;;;;;;;;;;;;;;
300;;;;;;;;AUXILIO SAUDE - 2800/26;;;;;;;;;;;4;;;;;;;;;;;;;;0,00;;2.000,00;;;;Auxílios;;;;;;;;;;;;;
;;;;;;;;;;;;;;;;;;;;;;;;;;;;;;;;;;;;;;;;;;;;;
700;;;;;;;;SALARIO BASE (FGTS);;;;;;;;;;;5;;;;;;;;;;;;150,00;;;;16.158,95;;;;Salário Base;;;;;;;;;;;;;
;;;;;;;;;;;;;;;;;;;;;;;;;;;;;;;;;;;;;;;;;;;;;;;
;;;;;Resumo de Proventos por Classificaçăo;;;;;;;;;;;;;;;;;;;;;;;;;;;;;;;;;;;;;;;;;;;;;;;;
;;;;;;;;;;;;;;;;;;;;;;;;;;;;;;;;;;
;Sem classificaçăo;;;;;;;;;;;;;;;;;;;20,00;;;;;;;;;;883,11;;;;
;Auxílios;;;;;;;;;;;;;;;;;;;0,00;;;;;;;;;;2.000,00;;;;
;Salário Base;;;;;;;;;;;;;;;;;;;150,00;;;;;;;;;;16.158,95;;;;
;Total;;;;;;;;;;;;;;;;;;;170,00;;;;;;;;;;19.042,06;;;;
;;;;;;;;;;;;;;;;;;;;;;;;;;;;;;;;;;
;
;;;;;;;;;;;;;;;;;;;;;;;;;;;;;;;;;;;;;;;;;;;;;;;;;;;;

Descontos;;;;;;;;;;;;;;;;;;;;;;;;;;;;;;;;;;;;;;;;;;;;;;;;;;;;
Evento;;;;;;;;Descriçăo;;;;;;;;;;;Qtde.;;;;;;;Refer.;;;;;;;;;Valor;;;;Classificaçăo contábil;;;;;;;;;;;;;
017;;;;;;;;SINSEPUMG 3%;;;;;;;;;;;1;;;;;;;3,00;;132,47;;;;;;;;;;;;;;;;;
;;;;;;;;;;;;;;;;;;;;;;;;;;;;;;;;;;;;;;;;;;;;;;;;;;;;
037;;;;;;;;FALTA NAO JUSTIFICADA;;;;;;;;;;;1;;;;;;;30,00;;;2.628,30;;;;;;;;;;;;;;;;;
;;;;;;;;;;;;;;;;;;;;;;;;;;;;;;;;;;;;;;;;;;;;;;;;;;;;
315;;;;;;;;BANCO GERADOR;;;;;;;;;;;2;;;;;;;0,00;;384,14;;;;;;;;;;;;;;;;;
;;;;;;;;;;;;;;;;;;;;;;;;;;;;;;;;;;;;;;;;;;;;;;;;;;;;
400;;;;;;;;PENSAO ALIMENTICIA(LIQUIDO)I;;;;;;;;;;;1;;;;;;;0,00;;471,67;;;;;;;;;;;;;;;;;
;;;;;;;;;;;;;;;;;;;;;;;;;;;;;;;;;;;;;;;;;;;;;;;;;;;;
600;;;;;;;;CONSIGNADO CEF I;;;;;;;;;;;1;;;;;;;0,00;;451,40;;;;;;;;;;;;;;;;;
;;;;;;;;;;;;;;;;;;;;;;;;;;;;;;;;;;;;;;;;;;;;;;;;;;;;
610;;;;;;;;CONSIGNADO BRADESCO I;;;;;;;;;;;3;;;;;;;0,00;;968,30;;;;;;;;;;;;;;;;;
;;;;;;;;;;;;;;;;;;;;;;;;;;;;;;;;;;;;;;;;;;;;;;;;;;;;
611;;;;;;;;CONSIGNADO BRADESCO II;;;;;;;;;;;3;;;;;;;0,00;;202,60;;;;;;;;;;;;;;;;;
;;;;;;;;;;;;;;;;;;;;;;;;;;;;;;;;;;;;;;;;;;;;;;;;;;;;
612;;;;;;;;CONSIGNADO BRADESCO III;;;;;;;;;;;3;;;;;;;0,00;;474,48;;;;;;;;;;;;;;;;;
;;;;;;;;;;;;;;;;;;;;;;;;;;;;;;;;;;;;;;;;;;;;;;;;;;;;
613;;;;;;;;CONSIGNADO BRADESCO IV;;;;;;;;;;;2;;;;;;;0,00;;157,72;;;;;;;;;;;;;;;;;
;;;;;;;;;;;;;;;;;;;;;;;;;;;;;;;;;;;;;;;;;;;;;;;;;;;;
614;;;;;;;;CONSIGNADO BRADESCO V;;;;;;;;;;;2;;;;;;;0,00;;181,18;;;;;;;;;;;;;;;;;
;;;;;;;;;;;;;;;;;;;;;;;;;;;;;;;;;;;;;;;;;;;;;;;;;;;;
630;;;;;;;;CONSIGNADO BB I;;;;;;;;;;;1;;;;;;;0,00;;58,63;;;;;;;;;;;;;;;;;
;;;;;;;;;;;;;;;;;;;;;;;;;;;;;;;;;;;;;;;;;;;;;;;;;;;;
633;;;;;;;;CONSIGNADO BB IV;;;;;;;;;;;1;;;;;;;0,00;;473,08;;;;;;;;;;;;;;;;;
;;;;;;;;;;;;;;;;;;;;;;;;;;;;;;;;;;;;;;;;;;;;;;;;;;;;
919;;;;;;;;PREVIDENCIA - INSS;;;;;;;;;;;4;;;;;;;34,89;;;1.197,33;;;;;;;;;;;;;;;;;
;;;;;;;;;;;;;;;;;;;;;;;;;;;;;;;;;;;;;;;;;;;;;;;;;;;;
920;;;;;;;;IRRF - SALARIO;;;;;;;;;;;1;;;;;;;27,50;;;108,29;;;;;;;;;;;;;;;;;
;;;;;;;;;;;;;;;;;;;;;;;;;;;;;;;;;;;;;;;;;;;;;;;;;;;;
;Resumo de Descontos por Classificaçăo;;;;;;;;;;;;;;;;;;;;;;;;;;;;;;;;;
;Sem classificaçăo;;;;;;;;;;;;;;;;;;;95,39;;;;;;;;;;7.889,59;;;;
;;;;;;;;;;;;;;;;;;;;;;;;;;;;;;;;;;
;Total;;;;;;;;;;;;;;;;;;;95,39;;;;;;;;;;7.889,59;;;;
;
;;;;;;;;;;;;;;;;;;;;;;;;;;;;;;;;;;;;;;;;;;;;;;;;;;;;

Contribuiçăo Previdenciária do Segurado por Vínculo;;;;;;;;;;;;;;;;;;;;;;;;;;;;;;;;;;;;;;;;;;;;;;;;;;;;
Vínculo;;;;;;;;;;;;;;;;;;;;;;;;;;;;;;;;;;;;;;;;;;;;Valor;;;;;;;;

;;;;;;;;;;;;;;;;;;;;;;;;;;;;;;;;;;;;;;;;;;;;;;;;;;;;

Fiorilli S/C Software Ltda.;;;;;;;;;;;; [65/danilo/GOIANA.SRV-006$] {7.1583.255.11.19633/R/19633};;;;;;;;;;;;;;;;;;;;;;;;;;;;;;;;;;;;;;;
;PREFEITURA MUNICIPAL DE GOIANA;;;;;;;;;Męs/Ano;
;;;;;;;;;
;03/2026
;AV MARECHAL DEODORO DA FONSECA, 01,  CENTRO. GOIANA-PE;;;;;;;;;

;CNPJ: 10.150.043/0001-07;;;;;Folha Mensal;;;;;

;Página 7 de 9;;
;;

Resumo Contábil;;;;;;;;
;;;;;;;;;3/31/2026 1:00:07 PM;;;

;;;;;;;;;;;;;
Vínculo: 60 - CLT;;;;;;;;;;;;;
60 - CLT;;;;;;;;;;;1.197,33;;
Total;;;;;;;;;;;1.197,33;;

Base de I.R.R.F.;;;14.413,76;;;Base de Previdęncia Total;;;;13.530,65;;
Base de F.G.T.S.;;;16.158,95;;;Base de Previdęncia por Vínculo;;;;Valor;;
60 - CLT;;;;13.530,65
;;;;;;

;;;;;;;;;;;;;

Fiorilli S/C Software Ltda.;;;; [65/danilo/GOIANA.SRV-006$] {7.1583.255.11.19633/R/19633};;;;;;;;
;;;;;;;;;PREFEITURA MUNICIPAL DE GOIANA;;;;;;;;;;;;;;;;;;;;;;;;;;;;;;;;;;;;Męs/Ano;;;
;;;;;;;;;;;;;;;;;;;;;;;;;;;;;;;;;;;;;;;;;;;;
;;;;;;;;;03/2026;;
;;;;;;;;;AV MARECHAL DEODORO DA FONSECA, 01,  CENTRO. GOIANA-PE;;;;;;;;;;;;;;;;;;;;;;;;;;;;;;;;;;;;;;
;;;;;;;;
;;;;;;;;;CNPJ: 10.150.043/0001-07;;;;;;Folha Mensal;;;;;;;;;;;;;;;;;;;;;;;;;;;;;;;;
;;;;;;;;
;;;;;;;;;Página 8 de 9;;;;;;;;
;;;;;;;;

Resumo Contábil;;;;;;;;;;;;;;;;;;;;;;;;;;;;;;;;;;;;;;;;;;;
;;;;;;;;;;;;;;;;;;;;;;;;;;;;;;;;;;;;;;;;;;;;3/31/2026 1:00:07 PM;;;;;;;;;

;;;;;;;;;;;;;;;;;;;;;;;;;;;;;;;;;;;;;;;;;;;;;;;;;;;;;;
Vínculo: 97 - CONTRATOS;;;;;;;;;;;;;;;;;;;;;;;;;;;;;;;;;;;;;;;;;;;;;;;;;;;;;;
;;Total de Vencimentos;;;;;;;;;;;;;407.401,61;;;;;;;;;;;;;;;;;;;;;;;;;;;;;;;;;;;;;;;;
;;;;;;;;;;;;;;;;;;;;;;;;;
;;;;;;;;;;;;;;;;;;;;;;;;;Total a Empenhar;;;;;;;;;;;;;;;;;;;;;;;;;
;Salário Família;;;;;;;;;;;;405,24;;;;;;;;;;;;;;;;;;;;;;;;;;;;;;;;;;;;;
;;;;;;;;;;;;;;;;;;;;;;;;;Total de Proventos;;;;;;;;;;;424.205,98 (+);;;;;;;;;;;
;Outras Deduçőes;;;;;;;;;;;;0,00;;;;;;;;;;;;;;;;;;;;;;;;;;;;;;;;;;
;;;;;;;;;;;;;;;;;;;;;;;;;Total Patronal;;;;;;;;;;;67.887,67 (+);;;;;;;;;;;
;Horas Extras (3.1.90.16);;;;;;;;;;;;0,00;;;;;;;;;;;;;;;;;;;;;;;;;;;;;;;;;;
;;;;;;;;;;;;;;;;;;;;;;;;;FGTS a Recolher;;;;;;;;;;;0,00 (+);;;;;;;;;;;
;Bolsa de Estudo (3.3.90.18);;;;;;;;;;;;0,00;;;;;;;;;;;;;;;;;;;;;;;;;;;;;;;;;;
;;;;;;;;;;;;;;;;;;;;;;;;;Total de Vantagens;;;;;;;;;;;0,00 (+);;;;;;;;;;;
;Despesa/Receita.Extra (PASEP,...);;;;;;;;;;;;0,00;;;;;;;;;;;;;;;;;;;;;;;;;;;;;;;;;;
;;;;;;;;;;;;;;;;;;;;;;;;;Deduçăo de Maternidade;;;;;;;;;;;12.206,48 (-);;;;;;;;;;;
;Sal. Maternidade;;;;;;;;;;;;16.399,13;;;;;;;;;;;;;;;;;;;;;;;;;;;;;;;;;;
;;;;;;;;;;;;;;;;;;;;;;;;;Deduçăo de Salário Família;;;;;;;;;;;405,24 (-);;;;;;;;;;;
;Beneficios Assistenciais;;;;;;;;;;;;0,00;;;;;;;;;;;;;;;;;;;;;;;;;;;;;;;;;;
;;;;;;;;;;;;;;;;;;;;;;;;;479.481,93 ;;;;;;;;;;;;;;;;;;;;;;
;;;;;;;;;;;;;;;;;;;;;;;;
;Total Bruto;;;;;;;;;;;;424.205,98;;;;;;;;;;
;;;;;;;;;;;;;;;;;;;;;;Total de Descontos;;;;;;;;;;;;;;;;;;;;;;;;;;
;Total de Descontos;;;;;;;;;;;;41.795,41;;;;;;;;;;;;;;;;;;;;;;;;;;;;;;;;;;;;;
;;;;;;;;;;;;;;;;;;;;;;;;;Total de Descontos;;;;;;;;;;;41.795,41 (+);;;;;;;;;;;
;Total Líquido;;;;;;;;;;;;382.410,57;;;;;;;;;;;;;;;;;;;;;;;;;;;;;;;;;;
;;;;;;;;;;;;;;;;;;;;;;;;;Deduçăo de Maternidade;;;;;;;;;;;12.206,48 (+);;;;;;;;;;;
;FGTS a Recolher;;;;;;;;;;;;0,00;;;;;;;;;;;;;;;;;;;;;;;;;;;;;;;;;;
;;;;;;;;;;;;;;;;;;;;;;;;;Deduçăo de Salário Família;;;;;;;;;;;405,24 (+);;;;;;;;;;;
;;Valor Ref. a 13ş Salário;;;;;;;0,00;;;;;;;;;;;;;;;;;;;;;;;;;;
;;;;;;;;;;;;;54.407,13;;;;;;;;;;;;;;;;;;;;;;
;;;;;;;;;;;;;;;;;;;;;;;;;;;;;;;;;;;;;
;;;;;;;;;;;;;;;;;;;;;;;;;;;;;;;;;;;
;;Valores Sem 13ş Salário;;;;;;;0,00;;;;;;;;;;;;;;;;;;;;;;;;;;
;;;;;;;;;;;;;
;;;;;;;;;;;;;;;
;;;;;;;;;;;;
;;
;;;;;;;;;;;;;;;;;;;;;;;;;;;;;;;;;;;;;;;;;;;;;;;;;;;;;;

Patronal;;;;;;;;;;;;;;;;;;;;;;;;;;;;;;;;;;;;;;;;;;;;;;;;;;;;;;
;;;;;;;;;;;;;;;;;;;;;Bruto;;;;;;;;;Deduçőes;;;;;;;;;;;;;;;;;;;Líquido;;;;;
;;;;;;;;;;;;;;;;;;;;;;;;;;;;;;;;;;;;;;;;;;;;;;;;;;;;;;;
;;;;;;;;;;;;;;;;;;;;;;;;;;;;;;;;;;;;;;;;;;;;;;;;;;;;;;;
;;;;;;;;;;;;;;;;;;;;;;;;;;;;;;;;;;;;;;;;;;;;;;;;;;;;;;;
;;;;;;;;;;;;;;;;;;PatronalBruto;;;;;;;;;;SalárioFamília;;;;;;;;;;;SalárioMaternidade;;;OutrasDeduçőes;;;;;PatronalLíquido;;;;;;;;
Vínculo;;;;;;;;;;;;;;;;;;;;;;;;;;;;;;;;;;;;;;;;;;;;;;;;;;;;;;;
97;;;;;;;CONTRATOS;;;;;;;;;;;67.887,67;;;;;;;;;;405,24;;;;;;;;;;;12.206,48;;;0,00;;;;;55.275,95;;;;;;;
;;;;;;;;;;;;;;;;;;;;;;;;;;;;;;;;;;;;;;;;;;;;;;;;;;;;;;
Total;;;;;;;;;;;;;;;;;;67.887,67;;;;;;;;;;405,24;;;;;;;;;;;12.206,48;;;0,00;;;;;55.275,95;;;;;;;

Funcionários;;;;;;;;;;;;;;;;;;;;;;;;;;;;;;;;;;;;;;;;;;;;;;;;;;;;;;
Situaçăo;;;;;;;;;;;;;;;;;;;;;;;;;;;;;;;;;;;;;;;;;;;;;;;;;;Quantidade;;;;
01 - Normal;;;;;;;;;;;;;;;;;;;;;;;;;;;;;;;;;;;;;;;;;;;;;;;;;;170;;;;
94 - Afastamento por Doença năo relacionada ao trabalho;;;;;;;;;;;;;;;;;;;;;;;;;;;;;;;;;;;;;;;;;;;;;;;;;;1;;;;
95 - Afastamento por Licença Maternidade/Paternidade;;;;;;;;;;;;;;;;;;;;;;;;;;;;;;;;;;;;;;;;;;;;;;;;;;9;;;;
Total;;;;;;;;;;;;;;;;;;;;;;;;;;;;;;;;;;;;;;;;;;;;;;;;;;180;;;;
;;;;;;;;;;;;;;;;;;;;;;;;;;;;;;;;;;;;;;;;;;;;;;;;;;;;;;
Quantidade de trabalhadores processados;;;;;;;;;;;;;;;;;;;;;;;;;;;;;;;;;;;;;;;;;;;;;;;;;;180;;;;

Proventos;;;;;;;;;;;;;;;;;;;;;;;;;;;;;;;;;;;;;;;;;;;;;;;;;;;;;;
Evento;;;;;;;;Descriçăo;;;;;;;;;;;;Qtde.;;;;;;;Refer.;;;;;;;;;;Valor;;;;Classificaçăo contábil;;;;;;;;;;;;;
001;;;;;;;;SALARIO BASE;;;;;;;;;;;;171;;;;;;;5.059,00;;;;;;399.006,92;;;;Salário Base;;;;;;;;;;;;;
045;;;;;;;;H. EXTRA 50% 240H;;;;;;;;;;;;8;;;;;;;;;;;;;400,00;;;;7.125,00;;;;;;;;;;;;;;;;;
;;;;;;;;;;;;;;;;;;;;;;;;;;;;;;;;;;;;;;;;;;;;;;;;
903;;;;;;;;SALARIO MATERNIDADE;;;;;;;;;;;;7;;;;;;;;;;;;;188,00;;;;12.206,48;;;;Salário Maternidade;;;;;;;;;;;;;
;;;;;;;;;;;;;;;;;;;;;;;;;;;;;;;;;;;;;;;;;;;;;;;;
904;;;;;;;;SALARIO FAMILIA;;;;;;;;;;;;4;;;;;;;;;;;;;;;6,00;;405,24;;;;Salário Família;;;;;;;;;;;;;
;;;;;;;;;;;;;;;;;;;;;;;;;;;;;;;;;;;;;;;;;;;;;;
917;;;;;;;;AFASTADO AUX.DOENCA;;;;;;;;;;;;1;;;;;;;;;;;;;;;7,00;;434,79;;;;;;;;;;;;;;;;;
;;;;;;;;;;;;;;;;;;;;;;;;;;;;;;;;;;;;;;;;;;;;;;
918;;;;;;;;ESTOURO NO MES;;;;;;;;;;;;1;;;;;;;;;;;;;;;1,00;;834,90;;;;;;;;;;;;;;;;;
;;;;;;;;;;;;;;;;;;;;;;;;;;;;;;;;;;;;;;;;;;;;;;
948;;;;;;;;_SALARIO MATERNIDADE;;;;;;;;;;;;4;;;;;;;;;;;;;;63,00;;;4.192,65;;;;Salário Maternidade;;;;;;;;;;;;;
;;;;;;;;;;;;;;;;;;;;;;;;;;;;;;;;;;;;;;;;;;;;;;;
;;;;;Resumo de Proventos por Classificaçăo;;;;;;;;;;;;;;;;;;;;;;;;;;;;;;;;;;;;;;;;;;;;;;;;;;
;;;;;;;;;;;;;;;;;;;;;;;;;;;;;;;;;;;;
;Sem classificaçăo;;;;;;;;;;;;;;;;;;;;408,00;;;;;;;;;;;8.394,69;;;;
;Salário Família;;;;;;;;;;;;;;;;;;;;6,00;;;;;;;;;;;405,24;;;;
;Salário Maternidade;;;;;;;;;;;;;;;;;;;;251,00;;;;;;;;;;;16.399,13;;;;
;Salário Base;;;;;;;;;;;;;;;;;;;;5.059,00;;;;;;;;;;;399.006,92;;;;
;Total;;;;;;;;;;;;;;;;;;;;5.724,00;;;;;;;;;;;424.205,98;;;;
;;;;;;;;;;;;;;;;;;;;;;;;;;;;;;;;;;;;
;
;;;;;;;;;;;;;;;;;;;;;;;;;;;;;;;;;;;;;;;;;;;;;;;;;;;;;;

Descontos;;;;;;;;;;;;;;;;;;;;;;;;;;;;;;;;;;;;;;;;;;;;;;;;;;;;;;
Evento;;;;;;;;Descriçăo;;;;;;;;;;;;Qtde.;;;;;;;Refer.;;;;;;;;;;Valor;;;;Classificaçăo contábil;;;;;;;;;;;;;
037;;;;;;;;FALTA NAO JUSTIFICADA;;;;;;;;;;;;8;;;;;;;57,00;;;4.295,10;;;;;;;;;;;;;;;;;
;;;;;;;;;;;;;;;;;;;;;;;;;;;;;;;;;;;;;;;;;;;;;;;;;;;;;;
400;;;;;;;;PENSAO ALIMENTICIA(LIQUIDO)I;;;;;;;;;;;;1;;;;;;;0,00;;272,70;;;;;;;;;;;;;;;;;
;;;;;;;;;;;;;;;;;;;;;;;;;;;;;;;;;;;;;;;;;;;;;;;;;;;;;;
919;;;;;;;;PREVIDENCIA - INSS;;;;;;;;;;;;177;;;;;;;1.410,90;;;;;;33.140,02;;;;;;;;;;;;;;;;;
;;;;;;;;;;;;;;;;;;;;;;;;;;;;;;;;;;;;;;;;;;;;;;;;;;;;;;
920;;;;;;;;IRRF - SALARIO;;;;;;;;;;;;5;;;;;;;137,50;;;;3.252,69;;;;;;;;;;;;;;;;;
;;;;;;;;;;;;;;;;;;;;;;;;;;;;;;;;;;;;;;;;;;;;;;;;;;;;;;
928;;;;;;;;ESTOURO MES ANTERIOR;;;;;;;;;;;;1;;;;;;;0,00;;834,90;;;;;;;;;;;;;;;;;
;;;;;;;;;;;;;;;;;;;;;;;;;;;;;;;;;;;;;;;;;;;;;;;;;;;;;;
;Resumo de Descontos por Classificaçăo;;;;;;;;;;;;;;;;;;;;;;;;;;;;;;;;;;;
;Sem classificaçăo;;;;;;;;;;;;;;;;;;;;1.605,40;;;;;;;;;;;41.795,41;;;;
;;;;;;;;;;;;;;;;;;;;;;;;;;;;;;;;;;;;
;Total;;;;;;;;;;;;;;;;;;;;1.605,40;;;;;;;;;;;41.795,41;;;;
;
;;;;;;;;;;;;;;;;;;;;;;;;;;;;;;;;;;;;;;;;;;;;;;;;;;;;;;

Contribuiçăo Previdenciária do Segurado por Vínculo;;;;;;;;;;;;;;;;;;;;;;;;;;;;;;;;;;;;;;;;;;;;;;;;;;;;;;
Vínculo;;;;;;;;;;;;;;;;;;;;;;;;;;;;;;;;;;;;;;;;;;;;;;Valor;;;;;;;;
97 - CONTRATOS;;;;;;;;;;;;;;;;;;;;;;;;;;;;;;;;;;;;;;;;;;;;;;33.140,02;;;;;;;;
Total;;;;;;;;;;;;;;;;;;;;;;;;;;;;;;;;;;;;;;;;;;;;;;33.140,02;;;;;;;;

;;;;;;;;;;;;;;;;;;;;;;;;;;;;;;;;;;;;;;;;;;;;;;;;;;;;;;

Fiorilli S/C Software Ltda.;;;;;;;;;;;; [65/danilo/GOIANA.SRV-006$] {7.1583.255.11.19633/R/19633};;;;;;;;;;;;;;;;;;;;;;;;;;;;;;;;;;;;;;;;;
;PREFEITURA MUNICIPAL DE GOIANA;;;;;;;;;Męs/Ano;;
;;;;;;;;;
;03/2026
;AV MARECHAL DEODORO DA FONSECA, 01,  CENTRO. GOIANA-PE;;;;;;;;;

;CNPJ: 10.150.043/0001-07;;;;;Folha Mensal;;;;;;

;Página 9 de 9;;;
;;;

Resumo Contábil;;;;;;;;
;;;;;;;;;3/31/2026 1:00:07 PM;;;;

;;;;;;;;;;;;;;
Vínculo: 97 - CONTRATOS;;;;;;;;;;;;;;

Base de I.R.R.F.;;;418.670,74;;;Base de Previdęncia Total;;;;399.339,26;;;
Base de F.G.T.S.;;;0,00;;;Base de Previdęncia por Vínculo;;;;Valor;;;
97 - CONTRATOS;;;;399.339,26;
;;;;;;;

;;;;;;;;;;;;;;

Fiorilli S/C Software Ltda.;;;; [65/danilo/GOIANA.SRV-006$] {7.1583.255.11.19633/R/19633};;;;;;;;;
